receita_por_mwh,tipo_receita,capacidade_max,taxa,tipo_custo,custo_colheita_por_t,custo_armazenamento_por_t,custo_carga_por_t,premio_produtor,expansao,UF,alfa_custo_usina,beta_custo_usina,custo_transporte_por_t_km,percentual_OPEX,fator_disponibilidade,cenario,cod_cenario_sem_ils,receita,inv_prob_sede_existente,inv_prob_sede_qualquer,heuristica,cod_cenario,max_avaliacoes_fitness
175,preco_leilao,1e6,7,conab,31,21.679999999999996,11.789642255999999,0.01,1,SP,4493904.529987199,3256452.5579617387,0.315,0.03,0.9,preco_leilao conab,1,175,20,75,2,1,1e4
175,preco_leilao,1e6,7,conab,31,21.679999999999996,11.789642255999999,0.01,1,PR,4493904.529987199,3256452.5579617387,0.315,0.03,0.9,preco_leilao conab,2,175,20,75,2,2,1e4
175,preco_leilao,1e6,7,conab,31,21.679999999999996,11.789642255999999,0.01,0,SP,4493904.529987199,3256452.5579617387,0.315,0.03,0.9,preco_leilao conab,3,175,20,75,2,3,1e4
175,preco_leilao,1e6,7,conab,31,21.679999999999996,11.789642255999999,0.01,0,PR,4493904.529987199,3256452.5579617387,0.315,0.03,0.9,preco_leilao conab,4,175,20,75,2,4,1e4
175,preco_leilao,1e6,7,conab,31,21.679999999999996,11.789642255999999,0.025,1,SP,4493904.529987199,3256452.5579617387,0.315,0.03,0.9,preco_leilao conab,5,175,20,75,2,5,1e4
175,preco_leilao,1e6,7,conab,31,21.679999999999996,11.789642255999999,0.025,1,PR,4493904.529987199,3256452.5579617387,0.315,0.03,0.9,preco_leilao conab,6,175,20,75,2,6,1e4
175,preco_leilao,1e6,7,conab,31,21.679999999999996,11.789642255999999,0.025,0,SP,4493904.529987199,3256452.5579617387,0.315,0.03,0.9,preco_leilao conab,7,175,20,75,2,7,1e4
175,preco_leilao,1e6,7,conab,31,21.679999999999996,11.789642255999999,0.025,0,PR,4493904.529987199,3256452.5579617387,0.315,0.03,0.9,preco_leilao conab,8,175,20,75,2,8,1e4
175,preco_leilao,1e6,7,conab,31,21.679999999999996,11.789642255999999,0.05,1,SP,4493904.529987199,3256452.5579617387,0.315,0.03,0.9,preco_leilao conab,9,175,20,75,2,9,1e4
175,preco_leilao,1e6,7,conab,31,21.679999999999996,11.789642255999999,0.05,1,PR,4493904.529987199,3256452.5579617387,0.315,0.03,0.9,preco_leilao conab,10,175,20,75,2,10,1e4
175,preco_leilao,1e6,7,conab,31,21.679999999999996,11.789642255999999,0.05,0,SP,4493904.529987199,3256452.5579617387,0.315,0.03,0.9,preco_leilao conab,11,175,20,75,2,11,1e4
175,preco_leilao,1e6,7,conab,31,21.679999999999996,11.789642255999999,0.05,0,PR,4493904.529987199,3256452.5579617387,0.315,0.03,0.9,preco_leilao conab,12,175,20,75,2,12,1e4
175,preco_leilao,1e6,7,conab,31,21.679999999999996,11.789642255999999,0.075,1,SP,4493904.529987199,3256452.5579617387,0.315,0.03,0.9,preco_leilao conab,13,175,20,75,2,13,1e4
175,preco_leilao,1e6,7,conab,31,21.679999999999996,11.789642255999999,0.075,1,PR,4493904.529987199,3256452.5579617387,0.315,0.03,0.9,preco_leilao conab,14,175,20,75,2,14,1e4
175,preco_leilao,1e6,7,conab,31,21.679999999999996,11.789642255999999,0.075,0,SP,4493904.529987199,3256452.5579617387,0.315,0.03,0.9,preco_leilao conab,15,175,20,75,2,15,1e4
175,preco_leilao,1e6,7,conab,31,21.679999999999996,11.789642255999999,0.075,0,PR,4493904.529987199,3256452.5579617387,0.315,0.03,0.9,preco_leilao conab,16,175,20,75,2,16,1e4
175,preco_leilao,1e6,7,conab,31,21.679999999999996,11.789642255999999,0.1,1,SP,4493904.529987199,3256452.5579617387,0.315,0.03,0.9,preco_leilao conab,17,175,20,75,2,17,1e4
175,preco_leilao,1e6,7,conab,31,21.679999999999996,11.789642255999999,0.1,1,PR,4493904.529987199,3256452.5579617387,0.315,0.03,0.9,preco_leilao conab,18,175,20,75,2,18,1e4
175,preco_leilao,1e6,7,conab,31,21.679999999999996,11.789642255999999,0.1,0,SP,4493904.529987199,3256452.5579617387,0.315,0.03,0.9,preco_leilao conab,19,175,20,75,2,19,1e4
175,preco_leilao,1e6,7,conab,31,21.679999999999996,11.789642255999999,0.1,0,PR,4493904.529987199,3256452.5579617387,0.315,0.03,0.9,preco_leilao conab,20,175,20,75,2,20,1e4
175,preco_leilao,1e6,7,conab,31,21.679999999999996,11.789642255999999,0.25,1,SP,4493904.529987199,3256452.5579617387,0.315,0.03,0.9,preco_leilao conab,21,175,20,75,2,21,1e4
175,preco_leilao,1e6,7,conab,31,21.679999999999996,11.789642255999999,0.25,1,PR,4493904.529987199,3256452.5579617387,0.315,0.03,0.9,preco_leilao conab,22,175,20,75,2,22,1e4
175,preco_leilao,1e6,7,conab,31,21.679999999999996,11.789642255999999,0.25,0,SP,4493904.529987199,3256452.5579617387,0.315,0.03,0.9,preco_leilao conab,23,175,20,75,2,23,1e4
175,preco_leilao,1e6,7,conab,31,21.679999999999996,11.789642255999999,0.25,0,PR,4493904.529987199,3256452.5579617387,0.315,0.03,0.9,preco_leilao conab,24,175,20,75,2,24,1e4
175,preco_leilao,1e6,8,conab,31,21.679999999999996,11.789642255999999,0.01,1,SP,4493904.529987199,3256452.5579617387,0.315,0.03,0.9,preco_leilao conab,25,175,20,75,2,25,1e4
175,preco_leilao,1e6,8,conab,31,21.679999999999996,11.789642255999999,0.01,1,PR,4493904.529987199,3256452.5579617387,0.315,0.03,0.9,preco_leilao conab,26,175,20,75,2,26,1e4
175,preco_leilao,1e6,8,conab,31,21.679999999999996,11.789642255999999,0.01,0,SP,4493904.529987199,3256452.5579617387,0.315,0.03,0.9,preco_leilao conab,27,175,20,75,2,27,1e4
175,preco_leilao,1e6,8,conab,31,21.679999999999996,11.789642255999999,0.01,0,PR,4493904.529987199,3256452.5579617387,0.315,0.03,0.9,preco_leilao conab,28,175,20,75,2,28,1e4
175,preco_leilao,1e6,8,conab,31,21.679999999999996,11.789642255999999,0.025,1,SP,4493904.529987199,3256452.5579617387,0.315,0.03,0.9,preco_leilao conab,29,175,20,75,2,29,1e4
175,preco_leilao,1e6,8,conab,31,21.679999999999996,11.789642255999999,0.025,1,PR,4493904.529987199,3256452.5579617387,0.315,0.03,0.9,preco_leilao conab,30,175,20,75,2,30,1e4
175,preco_leilao,1e6,8,conab,31,21.679999999999996,11.789642255999999,0.025,0,SP,4493904.529987199,3256452.5579617387,0.315,0.03,0.9,preco_leilao conab,31,175,20,75,2,31,1e4
175,preco_leilao,1e6,8,conab,31,21.679999999999996,11.789642255999999,0.025,0,PR,4493904.529987199,3256452.5579617387,0.315,0.03,0.9,preco_leilao conab,32,175,20,75,2,32,1e4
175,preco_leilao,1e6,8,conab,31,21.679999999999996,11.789642255999999,0.05,1,SP,4493904.529987199,3256452.5579617387,0.315,0.03,0.9,preco_leilao conab,33,175,20,75,2,33,1e4
175,preco_leilao,1e6,8,conab,31,21.679999999999996,11.789642255999999,0.05,1,PR,4493904.529987199,3256452.5579617387,0.315,0.03,0.9,preco_leilao conab,34,175,20,75,2,34,1e4
175,preco_leilao,1e6,8,conab,31,21.679999999999996,11.789642255999999,0.05,0,SP,4493904.529987199,3256452.5579617387,0.315,0.03,0.9,preco_leilao conab,35,175,20,75,2,35,1e4
175,preco_leilao,1e6,8,conab,31,21.679999999999996,11.789642255999999,0.05,0,PR,4493904.529987199,3256452.5579617387,0.315,0.03,0.9,preco_leilao conab,36,175,20,75,2,36,1e4
175,preco_leilao,1e6,8,conab,31,21.679999999999996,11.789642255999999,0.075,1,SP,4493904.529987199,3256452.5579617387,0.315,0.03,0.9,preco_leilao conab,37,175,20,75,2,37,1e4
175,preco_leilao,1e6,8,conab,31,21.679999999999996,11.789642255999999,0.075,1,PR,4493904.529987199,3256452.5579617387,0.315,0.03,0.9,preco_leilao conab,38,175,20,75,2,38,1e4
175,preco_leilao,1e6,8,conab,31,21.679999999999996,11.789642255999999,0.075,0,SP,4493904.529987199,3256452.5579617387,0.315,0.03,0.9,preco_leilao conab,39,175,20,75,2,39,1e4
175,preco_leilao,1e6,8,conab,31,21.679999999999996,11.789642255999999,0.075,0,PR,4493904.529987199,3256452.5579617387,0.315,0.03,0.9,preco_leilao conab,40,175,20,75,2,40,1e4
175,preco_leilao,1e6,8,conab,31,21.679999999999996,11.789642255999999,0.1,1,SP,4493904.529987199,3256452.5579617387,0.315,0.03,0.9,preco_leilao conab,41,175,20,75,2,41,1e4
175,preco_leilao,1e6,8,conab,31,21.679999999999996,11.789642255999999,0.1,1,PR,4493904.529987199,3256452.5579617387,0.315,0.03,0.9,preco_leilao conab,42,175,20,75,2,42,1e4
175,preco_leilao,1e6,8,conab,31,21.679999999999996,11.789642255999999,0.1,0,SP,4493904.529987199,3256452.5579617387,0.315,0.03,0.9,preco_leilao conab,43,175,20,75,2,43,1e4
175,preco_leilao,1e6,8,conab,31,21.679999999999996,11.789642255999999,0.1,0,PR,4493904.529987199,3256452.5579617387,0.315,0.03,0.9,preco_leilao conab,44,175,20,75,2,44,1e4
175,preco_leilao,1e6,8,conab,31,21.679999999999996,11.789642255999999,0.25,1,SP,4493904.529987199,3256452.5579617387,0.315,0.03,0.9,preco_leilao conab,45,175,20,75,2,45,1e4
175,preco_leilao,1e6,8,conab,31,21.679999999999996,11.789642255999999,0.25,1,PR,4493904.529987199,3256452.5579617387,0.315,0.03,0.9,preco_leilao conab,46,175,20,75,2,46,1e4
175,preco_leilao,1e6,8,conab,31,21.679999999999996,11.789642255999999,0.25,0,SP,4493904.529987199,3256452.5579617387,0.315,0.03,0.9,preco_leilao conab,47,175,20,75,2,47,1e4
175,preco_leilao,1e6,8,conab,31,21.679999999999996,11.789642255999999,0.25,0,PR,4493904.529987199,3256452.5579617387,0.315,0.03,0.9,preco_leilao conab,48,175,20,75,2,48,1e4
175,preco_leilao,1e6,9,conab,31,21.679999999999996,11.789642255999999,0.01,1,SP,4493904.529987199,3256452.5579617387,0.315,0.03,0.9,preco_leilao conab,49,175,20,75,2,49,1e4
175,preco_leilao,1e6,9,conab,31,21.679999999999996,11.789642255999999,0.01,1,PR,4493904.529987199,3256452.5579617387,0.315,0.03,0.9,preco_leilao conab,50,175,20,75,2,50,1e4
175,preco_leilao,1e6,9,conab,31,21.679999999999996,11.789642255999999,0.01,0,SP,4493904.529987199,3256452.5579617387,0.315,0.03,0.9,preco_leilao conab,51,175,20,75,2,51,1e4
175,preco_leilao,1e6,9,conab,31,21.679999999999996,11.789642255999999,0.01,0,PR,4493904.529987199,3256452.5579617387,0.315,0.03,0.9,preco_leilao conab,52,175,20,75,2,52,1e4
175,preco_leilao,1e6,9,conab,31,21.679999999999996,11.789642255999999,0.025,1,SP,4493904.529987199,3256452.5579617387,0.315,0.03,0.9,preco_leilao conab,53,175,20,75,2,53,1e4
175,preco_leilao,1e6,9,conab,31,21.679999999999996,11.789642255999999,0.025,1,PR,4493904.529987199,3256452.5579617387,0.315,0.03,0.9,preco_leilao conab,54,175,20,75,2,54,1e4
175,preco_leilao,1e6,9,conab,31,21.679999999999996,11.789642255999999,0.025,0,SP,4493904.529987199,3256452.5579617387,0.315,0.03,0.9,preco_leilao conab,55,175,20,75,2,55,1e4
175,preco_leilao,1e6,9,conab,31,21.679999999999996,11.789642255999999,0.025,0,PR,4493904.529987199,3256452.5579617387,0.315,0.03,0.9,preco_leilao conab,56,175,20,75,2,56,1e4
175,preco_leilao,1e6,9,conab,31,21.679999999999996,11.789642255999999,0.05,1,SP,4493904.529987199,3256452.5579617387,0.315,0.03,0.9,preco_leilao conab,57,175,20,75,2,57,1e4
175,preco_leilao,1e6,9,conab,31,21.679999999999996,11.789642255999999,0.05,1,PR,4493904.529987199,3256452.5579617387,0.315,0.03,0.9,preco_leilao conab,58,175,20,75,2,58,1e4
175,preco_leilao,1e6,9,conab,31,21.679999999999996,11.789642255999999,0.05,0,SP,4493904.529987199,3256452.5579617387,0.315,0.03,0.9,preco_leilao conab,59,175,20,75,2,59,1e4
175,preco_leilao,1e6,9,conab,31,21.679999999999996,11.789642255999999,0.05,0,PR,4493904.529987199,3256452.5579617387,0.315,0.03,0.9,preco_leilao conab,60,175,20,75,2,60,1e4
175,preco_leilao,1e6,9,conab,31,21.679999999999996,11.789642255999999,0.075,1,SP,4493904.529987199,3256452.5579617387,0.315,0.03,0.9,preco_leilao conab,61,175,20,75,2,61,1e4
175,preco_leilao,1e6,9,conab,31,21.679999999999996,11.789642255999999,0.075,1,PR,4493904.529987199,3256452.5579617387,0.315,0.03,0.9,preco_leilao conab,62,175,20,75,2,62,1e4
175,preco_leilao,1e6,9,conab,31,21.679999999999996,11.789642255999999,0.075,0,SP,4493904.529987199,3256452.5579617387,0.315,0.03,0.9,preco_leilao conab,63,175,20,75,2,63,1e4
175,preco_leilao,1e6,9,conab,31,21.679999999999996,11.789642255999999,0.075,0,PR,4493904.529987199,3256452.5579617387,0.315,0.03,0.9,preco_leilao conab,64,175,20,75,2,64,1e4
175,preco_leilao,1e6,9,conab,31,21.679999999999996,11.789642255999999,0.1,1,SP,4493904.529987199,3256452.5579617387,0.315,0.03,0.9,preco_leilao conab,65,175,20,75,2,65,1e4
175,preco_leilao,1e6,9,conab,31,21.679999999999996,11.789642255999999,0.1,1,PR,4493904.529987199,3256452.5579617387,0.315,0.03,0.9,preco_leilao conab,66,175,20,75,2,66,1e4
175,preco_leilao,1e6,9,conab,31,21.679999999999996,11.789642255999999,0.1,0,SP,4493904.529987199,3256452.5579617387,0.315,0.03,0.9,preco_leilao conab,67,175,20,75,2,67,1e4
175,preco_leilao,1e6,9,conab,31,21.679999999999996,11.789642255999999,0.1,0,PR,4493904.529987199,3256452.5579617387,0.315,0.03,0.9,preco_leilao conab,68,175,20,75,2,68,1e4
175,preco_leilao,1e6,9,conab,31,21.679999999999996,11.789642255999999,0.25,1,SP,4493904.529987199,3256452.5579617387,0.315,0.03,0.9,preco_leilao conab,69,175,20,75,2,69,1e4
175,preco_leilao,1e6,9,conab,31,21.679999999999996,11.789642255999999,0.25,1,PR,4493904.529987199,3256452.5579617387,0.315,0.03,0.9,preco_leilao conab,70,175,20,75,2,70,1e4
175,preco_leilao,1e6,9,conab,31,21.679999999999996,11.789642255999999,0.25,0,SP,4493904.529987199,3256452.5579617387,0.315,0.03,0.9,preco_leilao conab,71,175,20,75,2,71,1e4
175,preco_leilao,1e6,9,conab,31,21.679999999999996,11.789642255999999,0.25,0,PR,4493904.529987199,3256452.5579617387,0.315,0.03,0.9,preco_leilao conab,72,175,20,75,2,72,1e4
175,preco_leilao,1e6,10,conab,31,21.679999999999996,11.789642255999999,0.01,1,SP,4493904.529987199,3256452.5579617387,0.315,0.03,0.9,preco_leilao conab,73,175,20,75,2,73,1e4
175,preco_leilao,1e6,10,conab,31,21.679999999999996,11.789642255999999,0.01,1,PR,4493904.529987199,3256452.5579617387,0.315,0.03,0.9,preco_leilao conab,74,175,20,75,2,74,1e4
175,preco_leilao,1e6,10,conab,31,21.679999999999996,11.789642255999999,0.01,0,SP,4493904.529987199,3256452.5579617387,0.315,0.03,0.9,preco_leilao conab,75,175,20,75,2,75,1e4
175,preco_leilao,1e6,10,conab,31,21.679999999999996,11.789642255999999,0.01,0,PR,4493904.529987199,3256452.5579617387,0.315,0.03,0.9,preco_leilao conab,76,175,20,75,2,76,1e4
175,preco_leilao,1e6,10,conab,31,21.679999999999996,11.789642255999999,0.025,1,SP,4493904.529987199,3256452.5579617387,0.315,0.03,0.9,preco_leilao conab,77,175,20,75,2,77,1e4
175,preco_leilao,1e6,10,conab,31,21.679999999999996,11.789642255999999,0.025,1,PR,4493904.529987199,3256452.5579617387,0.315,0.03,0.9,preco_leilao conab,78,175,20,75,2,78,1e4
175,preco_leilao,1e6,10,conab,31,21.679999999999996,11.789642255999999,0.025,0,SP,4493904.529987199,3256452.5579617387,0.315,0.03,0.9,preco_leilao conab,79,175,20,75,2,79,1e4
175,preco_leilao,1e6,10,conab,31,21.679999999999996,11.789642255999999,0.025,0,PR,4493904.529987199,3256452.5579617387,0.315,0.03,0.9,preco_leilao conab,80,175,20,75,2,80,1e4
175,preco_leilao,1e6,10,conab,31,21.679999999999996,11.789642255999999,0.05,1,SP,4493904.529987199,3256452.5579617387,0.315,0.03,0.9,preco_leilao conab,81,175,20,75,2,81,1e4
175,preco_leilao,1e6,10,conab,31,21.679999999999996,11.789642255999999,0.05,1,PR,4493904.529987199,3256452.5579617387,0.315,0.03,0.9,preco_leilao conab,82,175,20,75,2,82,1e4
175,preco_leilao,1e6,10,conab,31,21.679999999999996,11.789642255999999,0.05,0,SP,4493904.529987199,3256452.5579617387,0.315,0.03,0.9,preco_leilao conab,83,175,20,75,2,83,1e4
175,preco_leilao,1e6,10,conab,31,21.679999999999996,11.789642255999999,0.05,0,PR,4493904.529987199,3256452.5579617387,0.315,0.03,0.9,preco_leilao conab,84,175,20,75,2,84,1e4
175,preco_leilao,1e6,10,conab,31,21.679999999999996,11.789642255999999,0.075,1,SP,4493904.529987199,3256452.5579617387,0.315,0.03,0.9,preco_leilao conab,85,175,20,75,2,85,1e4
175,preco_leilao,1e6,10,conab,31,21.679999999999996,11.789642255999999,0.075,1,PR,4493904.529987199,3256452.5579617387,0.315,0.03,0.9,preco_leilao conab,86,175,20,75,2,86,1e4
175,preco_leilao,1e6,10,conab,31,21.679999999999996,11.789642255999999,0.075,0,SP,4493904.529987199,3256452.5579617387,0.315,0.03,0.9,preco_leilao conab,87,175,20,75,2,87,1e4
175,preco_leilao,1e6,10,conab,31,21.679999999999996,11.789642255999999,0.075,0,PR,4493904.529987199,3256452.5579617387,0.315,0.03,0.9,preco_leilao conab,88,175,20,75,2,88,1e4
175,preco_leilao,1e6,10,conab,31,21.679999999999996,11.789642255999999,0.1,1,SP,4493904.529987199,3256452.5579617387,0.315,0.03,0.9,preco_leilao conab,89,175,20,75,2,89,1e4
175,preco_leilao,1e6,10,conab,31,21.679999999999996,11.789642255999999,0.1,1,PR,4493904.529987199,3256452.5579617387,0.315,0.03,0.9,preco_leilao conab,90,175,20,75,2,90,1e4
175,preco_leilao,1e6,10,conab,31,21.679999999999996,11.789642255999999,0.1,0,SP,4493904.529987199,3256452.5579617387,0.315,0.03,0.9,preco_leilao conab,91,175,20,75,2,91,1e4
175,preco_leilao,1e6,10,conab,31,21.679999999999996,11.789642255999999,0.1,0,PR,4493904.529987199,3256452.5579617387,0.315,0.03,0.9,preco_leilao conab,92,175,20,75,2,92,1e4
175,preco_leilao,1e6,10,conab,31,21.679999999999996,11.789642255999999,0.25,1,SP,4493904.529987199,3256452.5579617387,0.315,0.03,0.9,preco_leilao conab,93,175,20,75,2,93,1e4
175,preco_leilao,1e6,10,conab,31,21.679999999999996,11.789642255999999,0.25,1,PR,4493904.529987199,3256452.5579617387,0.315,0.03,0.9,preco_leilao conab,94,175,20,75,2,94,1e4
175,preco_leilao,1e6,10,conab,31,21.679999999999996,11.789642255999999,0.25,0,SP,4493904.529987199,3256452.5579617387,0.315,0.03,0.9,preco_leilao conab,95,175,20,75,2,95,1e4
175,preco_leilao,1e6,10,conab,31,21.679999999999996,11.789642255999999,0.25,0,PR,4493904.529987199,3256452.5579617387,0.315,0.03,0.9,preco_leilao conab,96,175,20,75,2,96,1e4
175,preco_leilao,1e6,11,conab,31,21.679999999999996,11.789642255999999,0.01,1,SP,4493904.529987199,3256452.5579617387,0.315,0.03,0.9,preco_leilao conab,97,175,20,75,2,97,1e4
175,preco_leilao,1e6,11,conab,31,21.679999999999996,11.789642255999999,0.01,1,PR,4493904.529987199,3256452.5579617387,0.315,0.03,0.9,preco_leilao conab,98,175,20,75,2,98,1e4
175,preco_leilao,1e6,11,conab,31,21.679999999999996,11.789642255999999,0.01,0,SP,4493904.529987199,3256452.5579617387,0.315,0.03,0.9,preco_leilao conab,99,175,20,75,2,99,1e4
175,preco_leilao,1e6,11,conab,31,21.679999999999996,11.789642255999999,0.01,0,PR,4493904.529987199,3256452.5579617387,0.315,0.03,0.9,preco_leilao conab,100,175,20,75,2,100,1e4
175,preco_leilao,1e6,11,conab,31,21.679999999999996,11.789642255999999,0.025,1,SP,4493904.529987199,3256452.5579617387,0.315,0.03,0.9,preco_leilao conab,101,175,20,75,2,101,1e4
175,preco_leilao,1e6,11,conab,31,21.679999999999996,11.789642255999999,0.025,1,PR,4493904.529987199,3256452.5579617387,0.315,0.03,0.9,preco_leilao conab,102,175,20,75,2,102,1e4
175,preco_leilao,1e6,11,conab,31,21.679999999999996,11.789642255999999,0.025,0,SP,4493904.529987199,3256452.5579617387,0.315,0.03,0.9,preco_leilao conab,103,175,20,75,2,103,1e4
175,preco_leilao,1e6,11,conab,31,21.679999999999996,11.789642255999999,0.025,0,PR,4493904.529987199,3256452.5579617387,0.315,0.03,0.9,preco_leilao conab,104,175,20,75,2,104,1e4
175,preco_leilao,1e6,11,conab,31,21.679999999999996,11.789642255999999,0.05,1,SP,4493904.529987199,3256452.5579617387,0.315,0.03,0.9,preco_leilao conab,105,175,20,75,2,105,1e4
175,preco_leilao,1e6,11,conab,31,21.679999999999996,11.789642255999999,0.05,1,PR,4493904.529987199,3256452.5579617387,0.315,0.03,0.9,preco_leilao conab,106,175,20,75,2,106,1e4
175,preco_leilao,1e6,11,conab,31,21.679999999999996,11.789642255999999,0.05,0,SP,4493904.529987199,3256452.5579617387,0.315,0.03,0.9,preco_leilao conab,107,175,20,75,2,107,1e4
175,preco_leilao,1e6,11,conab,31,21.679999999999996,11.789642255999999,0.05,0,PR,4493904.529987199,3256452.5579617387,0.315,0.03,0.9,preco_leilao conab,108,175,20,75,2,108,1e4
175,preco_leilao,1e6,11,conab,31,21.679999999999996,11.789642255999999,0.075,1,SP,4493904.529987199,3256452.5579617387,0.315,0.03,0.9,preco_leilao conab,109,175,20,75,2,109,1e4
175,preco_leilao,1e6,11,conab,31,21.679999999999996,11.789642255999999,0.075,1,PR,4493904.529987199,3256452.5579617387,0.315,0.03,0.9,preco_leilao conab,110,175,20,75,2,110,1e4
175,preco_leilao,1e6,11,conab,31,21.679999999999996,11.789642255999999,0.075,0,SP,4493904.529987199,3256452.5579617387,0.315,0.03,0.9,preco_leilao conab,111,175,20,75,2,111,1e4
175,preco_leilao,1e6,11,conab,31,21.679999999999996,11.789642255999999,0.075,0,PR,4493904.529987199,3256452.5579617387,0.315,0.03,0.9,preco_leilao conab,112,175,20,75,2,112,1e4
175,preco_leilao,1e6,11,conab,31,21.679999999999996,11.789642255999999,0.1,1,SP,4493904.529987199,3256452.5579617387,0.315,0.03,0.9,preco_leilao conab,113,175,20,75,2,113,1e4
175,preco_leilao,1e6,11,conab,31,21.679999999999996,11.789642255999999,0.1,1,PR,4493904.529987199,3256452.5579617387,0.315,0.03,0.9,preco_leilao conab,114,175,20,75,2,114,1e4
175,preco_leilao,1e6,11,conab,31,21.679999999999996,11.789642255999999,0.1,0,SP,4493904.529987199,3256452.5579617387,0.315,0.03,0.9,preco_leilao conab,115,175,20,75,2,115,1e4
175,preco_leilao,1e6,11,conab,31,21.679999999999996,11.789642255999999,0.1,0,PR,4493904.529987199,3256452.5579617387,0.315,0.03,0.9,preco_leilao conab,116,175,20,75,2,116,1e4
175,preco_leilao,1e6,11,conab,31,21.679999999999996,11.789642255999999,0.25,1,SP,4493904.529987199,3256452.5579617387,0.315,0.03,0.9,preco_leilao conab,117,175,20,75,2,117,1e4
175,preco_leilao,1e6,11,conab,31,21.679999999999996,11.789642255999999,0.25,1,PR,4493904.529987199,3256452.5579617387,0.315,0.03,0.9,preco_leilao conab,118,175,20,75,2,118,1e4
175,preco_leilao,1e6,11,conab,31,21.679999999999996,11.789642255999999,0.25,0,SP,4493904.529987199,3256452.5579617387,0.315,0.03,0.9,preco_leilao conab,119,175,20,75,2,119,1e4
175,preco_leilao,1e6,11,conab,31,21.679999999999996,11.789642255999999,0.25,0,PR,4493904.529987199,3256452.5579617387,0.315,0.03,0.9,preco_leilao conab,120,175,20,75,2,120,1e4
175,preco_leilao,1e6,12,conab,31,21.679999999999996,11.789642255999999,0.01,1,SP,4493904.529987199,3256452.5579617387,0.315,0.03,0.9,preco_leilao conab,121,175,20,75,2,121,1e4
175,preco_leilao,1e6,12,conab,31,21.679999999999996,11.789642255999999,0.01,1,PR,4493904.529987199,3256452.5579617387,0.315,0.03,0.9,preco_leilao conab,122,175,20,75,2,122,1e4
175,preco_leilao,1e6,12,conab,31,21.679999999999996,11.789642255999999,0.01,0,SP,4493904.529987199,3256452.5579617387,0.315,0.03,0.9,preco_leilao conab,123,175,20,75,2,123,1e4
175,preco_leilao,1e6,12,conab,31,21.679999999999996,11.789642255999999,0.01,0,PR,4493904.529987199,3256452.5579617387,0.315,0.03,0.9,preco_leilao conab,124,175,20,75,2,124,1e4
175,preco_leilao,1e6,12,conab,31,21.679999999999996,11.789642255999999,0.025,1,SP,4493904.529987199,3256452.5579617387,0.315,0.03,0.9,preco_leilao conab,125,175,20,75,2,125,1e4
175,preco_leilao,1e6,12,conab,31,21.679999999999996,11.789642255999999,0.025,1,PR,4493904.529987199,3256452.5579617387,0.315,0.03,0.9,preco_leilao conab,126,175,20,75,2,126,1e4
175,preco_leilao,1e6,12,conab,31,21.679999999999996,11.789642255999999,0.025,0,SP,4493904.529987199,3256452.5579617387,0.315,0.03,0.9,preco_leilao conab,127,175,20,75,2,127,1e4
175,preco_leilao,1e6,12,conab,31,21.679999999999996,11.789642255999999,0.025,0,PR,4493904.529987199,3256452.5579617387,0.315,0.03,0.9,preco_leilao conab,128,175,20,75,2,128,1e4
175,preco_leilao,1e6,12,conab,31,21.679999999999996,11.789642255999999,0.05,1,SP,4493904.529987199,3256452.5579617387,0.315,0.03,0.9,preco_leilao conab,129,175,20,75,2,129,1e4
175,preco_leilao,1e6,12,conab,31,21.679999999999996,11.789642255999999,0.05,1,PR,4493904.529987199,3256452.5579617387,0.315,0.03,0.9,preco_leilao conab,130,175,20,75,2,130,1e4
175,preco_leilao,1e6,12,conab,31,21.679999999999996,11.789642255999999,0.05,0,SP,4493904.529987199,3256452.5579617387,0.315,0.03,0.9,preco_leilao conab,131,175,20,75,2,131,1e4
175,preco_leilao,1e6,12,conab,31,21.679999999999996,11.789642255999999,0.05,0,PR,4493904.529987199,3256452.5579617387,0.315,0.03,0.9,preco_leilao conab,132,175,20,75,2,132,1e4
175,preco_leilao,1e6,12,conab,31,21.679999999999996,11.789642255999999,0.075,1,SP,4493904.529987199,3256452.5579617387,0.315,0.03,0.9,preco_leilao conab,133,175,20,75,2,133,1e4
175,preco_leilao,1e6,12,conab,31,21.679999999999996,11.789642255999999,0.075,1,PR,4493904.529987199,3256452.5579617387,0.315,0.03,0.9,preco_leilao conab,134,175,20,75,2,134,1e4
175,preco_leilao,1e6,12,conab,31,21.679999999999996,11.789642255999999,0.075,0,SP,4493904.529987199,3256452.5579617387,0.315,0.03,0.9,preco_leilao conab,135,175,20,75,2,135,1e4
175,preco_leilao,1e6,12,conab,31,21.679999999999996,11.789642255999999,0.075,0,PR,4493904.529987199,3256452.5579617387,0.315,0.03,0.9,preco_leilao conab,136,175,20,75,2,136,1e4
175,preco_leilao,1e6,12,conab,31,21.679999999999996,11.789642255999999,0.1,1,SP,4493904.529987199,3256452.5579617387,0.315,0.03,0.9,preco_leilao conab,137,175,20,75,2,137,1e4
175,preco_leilao,1e6,12,conab,31,21.679999999999996,11.789642255999999,0.1,1,PR,4493904.529987199,3256452.5579617387,0.315,0.03,0.9,preco_leilao conab,138,175,20,75,2,138,1e4
175,preco_leilao,1e6,12,conab,31,21.679999999999996,11.789642255999999,0.1,0,SP,4493904.529987199,3256452.5579617387,0.315,0.03,0.9,preco_leilao conab,139,175,20,75,2,139,1e4
175,preco_leilao,1e6,12,conab,31,21.679999999999996,11.789642255999999,0.1,0,PR,4493904.529987199,3256452.5579617387,0.315,0.03,0.9,preco_leilao conab,140,175,20,75,2,140,1e4
175,preco_leilao,1e6,12,conab,31,21.679999999999996,11.789642255999999,0.25,1,SP,4493904.529987199,3256452.5579617387,0.315,0.03,0.9,preco_leilao conab,141,175,20,75,2,141,1e4
175,preco_leilao,1e6,12,conab,31,21.679999999999996,11.789642255999999,0.25,1,PR,4493904.529987199,3256452.5579617387,0.315,0.03,0.9,preco_leilao conab,142,175,20,75,2,142,1e4
175,preco_leilao,1e6,12,conab,31,21.679999999999996,11.789642255999999,0.25,0,SP,4493904.529987199,3256452.5579617387,0.315,0.03,0.9,preco_leilao conab,143,175,20,75,2,143,1e4
175,preco_leilao,1e6,12,conab,31,21.679999999999996,11.789642255999999,0.25,0,PR,4493904.529987199,3256452.5579617387,0.315,0.03,0.9,preco_leilao conab,144,175,20,75,2,144,1e4
175,preco_leilao,1e6,13,conab,31,21.679999999999996,11.789642255999999,0.01,1,SP,4493904.529987199,3256452.5579617387,0.315,0.03,0.9,preco_leilao conab,145,175,20,75,2,145,1e4
175,preco_leilao,1e6,13,conab,31,21.679999999999996,11.789642255999999,0.01,1,PR,4493904.529987199,3256452.5579617387,0.315,0.03,0.9,preco_leilao conab,146,175,20,75,2,146,1e4
175,preco_leilao,1e6,13,conab,31,21.679999999999996,11.789642255999999,0.01,0,SP,4493904.529987199,3256452.5579617387,0.315,0.03,0.9,preco_leilao conab,147,175,20,75,2,147,1e4
175,preco_leilao,1e6,13,conab,31,21.679999999999996,11.789642255999999,0.01,0,PR,4493904.529987199,3256452.5579617387,0.315,0.03,0.9,preco_leilao conab,148,175,20,75,2,148,1e4
175,preco_leilao,1e6,13,conab,31,21.679999999999996,11.789642255999999,0.025,1,SP,4493904.529987199,3256452.5579617387,0.315,0.03,0.9,preco_leilao conab,149,175,20,75,2,149,1e4
175,preco_leilao,1e6,13,conab,31,21.679999999999996,11.789642255999999,0.025,1,PR,4493904.529987199,3256452.5579617387,0.315,0.03,0.9,preco_leilao conab,150,175,20,75,2,150,1e4
175,preco_leilao,1e6,13,conab,31,21.679999999999996,11.789642255999999,0.025,0,SP,4493904.529987199,3256452.5579617387,0.315,0.03,0.9,preco_leilao conab,151,175,20,75,2,151,1e4
175,preco_leilao,1e6,13,conab,31,21.679999999999996,11.789642255999999,0.025,0,PR,4493904.529987199,3256452.5579617387,0.315,0.03,0.9,preco_leilao conab,152,175,20,75,2,152,1e4
175,preco_leilao,1e6,13,conab,31,21.679999999999996,11.789642255999999,0.05,1,SP,4493904.529987199,3256452.5579617387,0.315,0.03,0.9,preco_leilao conab,153,175,20,75,2,153,1e4
175,preco_leilao,1e6,13,conab,31,21.679999999999996,11.789642255999999,0.05,1,PR,4493904.529987199,3256452.5579617387,0.315,0.03,0.9,preco_leilao conab,154,175,20,75,2,154,1e4
175,preco_leilao,1e6,13,conab,31,21.679999999999996,11.789642255999999,0.05,0,SP,4493904.529987199,3256452.5579617387,0.315,0.03,0.9,preco_leilao conab,155,175,20,75,2,155,1e4
175,preco_leilao,1e6,13,conab,31,21.679999999999996,11.789642255999999,0.05,0,PR,4493904.529987199,3256452.5579617387,0.315,0.03,0.9,preco_leilao conab,156,175,20,75,2,156,1e4
175,preco_leilao,1e6,13,conab,31,21.679999999999996,11.789642255999999,0.075,1,SP,4493904.529987199,3256452.5579617387,0.315,0.03,0.9,preco_leilao conab,157,175,20,75,2,157,1e4
175,preco_leilao,1e6,13,conab,31,21.679999999999996,11.789642255999999,0.075,1,PR,4493904.529987199,3256452.5579617387,0.315,0.03,0.9,preco_leilao conab,158,175,20,75,2,158,1e4
175,preco_leilao,1e6,13,conab,31,21.679999999999996,11.789642255999999,0.075,0,SP,4493904.529987199,3256452.5579617387,0.315,0.03,0.9,preco_leilao conab,159,175,20,75,2,159,1e4
175,preco_leilao,1e6,13,conab,31,21.679999999999996,11.789642255999999,0.075,0,PR,4493904.529987199,3256452.5579617387,0.315,0.03,0.9,preco_leilao conab,160,175,20,75,2,160,1e4
175,preco_leilao,1e6,13,conab,31,21.679999999999996,11.789642255999999,0.1,1,SP,4493904.529987199,3256452.5579617387,0.315,0.03,0.9,preco_leilao conab,161,175,20,75,2,161,1e4
175,preco_leilao,1e6,13,conab,31,21.679999999999996,11.789642255999999,0.1,1,PR,4493904.529987199,3256452.5579617387,0.315,0.03,0.9,preco_leilao conab,162,175,20,75,2,162,1e4
175,preco_leilao,1e6,13,conab,31,21.679999999999996,11.789642255999999,0.1,0,SP,4493904.529987199,3256452.5579617387,0.315,0.03,0.9,preco_leilao conab,163,175,20,75,2,163,1e4
175,preco_leilao,1e6,13,conab,31,21.679999999999996,11.789642255999999,0.1,0,PR,4493904.529987199,3256452.5579617387,0.315,0.03,0.9,preco_leilao conab,164,175,20,75,2,164,1e4
175,preco_leilao,1e6,13,conab,31,21.679999999999996,11.789642255999999,0.25,1,SP,4493904.529987199,3256452.5579617387,0.315,0.03,0.9,preco_leilao conab,165,175,20,75,2,165,1e4
175,preco_leilao,1e6,13,conab,31,21.679999999999996,11.789642255999999,0.25,1,PR,4493904.529987199,3256452.5579617387,0.315,0.03,0.9,preco_leilao conab,166,175,20,75,2,166,1e4
175,preco_leilao,1e6,13,conab,31,21.679999999999996,11.789642255999999,0.25,0,SP,4493904.529987199,3256452.5579617387,0.315,0.03,0.9,preco_leilao conab,167,175,20,75,2,167,1e4
175,preco_leilao,1e6,13,conab,31,21.679999999999996,11.789642255999999,0.25,0,PR,4493904.529987199,3256452.5579617387,0.315,0.03,0.9,preco_leilao conab,168,175,20,75,2,168,1e4
175,preco_leilao,1e6,14,conab,31,21.679999999999996,11.789642255999999,0.01,1,SP,4493904.529987199,3256452.5579617387,0.315,0.03,0.9,preco_leilao conab,169,175,20,75,2,169,1e4
175,preco_leilao,1e6,14,conab,31,21.679999999999996,11.789642255999999,0.01,1,PR,4493904.529987199,3256452.5579617387,0.315,0.03,0.9,preco_leilao conab,170,175,20,75,2,170,1e4
175,preco_leilao,1e6,14,conab,31,21.679999999999996,11.789642255999999,0.01,0,SP,4493904.529987199,3256452.5579617387,0.315,0.03,0.9,preco_leilao conab,171,175,20,75,2,171,1e4
175,preco_leilao,1e6,14,conab,31,21.679999999999996,11.789642255999999,0.01,0,PR,4493904.529987199,3256452.5579617387,0.315,0.03,0.9,preco_leilao conab,172,175,20,75,2,172,1e4
175,preco_leilao,1e6,14,conab,31,21.679999999999996,11.789642255999999,0.025,1,SP,4493904.529987199,3256452.5579617387,0.315,0.03,0.9,preco_leilao conab,173,175,20,75,2,173,1e4
175,preco_leilao,1e6,14,conab,31,21.679999999999996,11.789642255999999,0.025,1,PR,4493904.529987199,3256452.5579617387,0.315,0.03,0.9,preco_leilao conab,174,175,20,75,2,174,1e4
175,preco_leilao,1e6,14,conab,31,21.679999999999996,11.789642255999999,0.025,0,SP,4493904.529987199,3256452.5579617387,0.315,0.03,0.9,preco_leilao conab,175,175,20,75,2,175,1e4
175,preco_leilao,1e6,14,conab,31,21.679999999999996,11.789642255999999,0.025,0,PR,4493904.529987199,3256452.5579617387,0.315,0.03,0.9,preco_leilao conab,176,175,20,75,2,176,1e4
175,preco_leilao,1e6,14,conab,31,21.679999999999996,11.789642255999999,0.05,1,SP,4493904.529987199,3256452.5579617387,0.315,0.03,0.9,preco_leilao conab,177,175,20,75,2,177,1e4
175,preco_leilao,1e6,14,conab,31,21.679999999999996,11.789642255999999,0.05,1,PR,4493904.529987199,3256452.5579617387,0.315,0.03,0.9,preco_leilao conab,178,175,20,75,2,178,1e4
175,preco_leilao,1e6,14,conab,31,21.679999999999996,11.789642255999999,0.05,0,SP,4493904.529987199,3256452.5579617387,0.315,0.03,0.9,preco_leilao conab,179,175,20,75,2,179,1e4
175,preco_leilao,1e6,14,conab,31,21.679999999999996,11.789642255999999,0.05,0,PR,4493904.529987199,3256452.5579617387,0.315,0.03,0.9,preco_leilao conab,180,175,20,75,2,180,1e4
175,preco_leilao,1e6,14,conab,31,21.679999999999996,11.789642255999999,0.075,1,SP,4493904.529987199,3256452.5579617387,0.315,0.03,0.9,preco_leilao conab,181,175,20,75,2,181,1e4
175,preco_leilao,1e6,14,conab,31,21.679999999999996,11.789642255999999,0.075,1,PR,4493904.529987199,3256452.5579617387,0.315,0.03,0.9,preco_leilao conab,182,175,20,75,2,182,1e4
175,preco_leilao,1e6,14,conab,31,21.679999999999996,11.789642255999999,0.075,0,SP,4493904.529987199,3256452.5579617387,0.315,0.03,0.9,preco_leilao conab,183,175,20,75,2,183,1e4
175,preco_leilao,1e6,14,conab,31,21.679999999999996,11.789642255999999,0.075,0,PR,4493904.529987199,3256452.5579617387,0.315,0.03,0.9,preco_leilao conab,184,175,20,75,2,184,1e4
175,preco_leilao,1e6,14,conab,31,21.679999999999996,11.789642255999999,0.1,1,SP,4493904.529987199,3256452.5579617387,0.315,0.03,0.9,preco_leilao conab,185,175,20,75,2,185,1e4
175,preco_leilao,1e6,14,conab,31,21.679999999999996,11.789642255999999,0.1,1,PR,4493904.529987199,3256452.5579617387,0.315,0.03,0.9,preco_leilao conab,186,175,20,75,2,186,1e4
175,preco_leilao,1e6,14,conab,31,21.679999999999996,11.789642255999999,0.1,0,SP,4493904.529987199,3256452.5579617387,0.315,0.03,0.9,preco_leilao conab,187,175,20,75,2,187,1e4
175,preco_leilao,1e6,14,conab,31,21.679999999999996,11.789642255999999,0.1,0,PR,4493904.529987199,3256452.5579617387,0.315,0.03,0.9,preco_leilao conab,188,175,20,75,2,188,1e4
175,preco_leilao,1e6,14,conab,31,21.679999999999996,11.789642255999999,0.25,1,SP,4493904.529987199,3256452.5579617387,0.315,0.03,0.9,preco_leilao conab,189,175,20,75,2,189,1e4
175,preco_leilao,1e6,14,conab,31,21.679999999999996,11.789642255999999,0.25,1,PR,4493904.529987199,3256452.5579617387,0.315,0.03,0.9,preco_leilao conab,190,175,20,75,2,190,1e4
175,preco_leilao,1e6,14,conab,31,21.679999999999996,11.789642255999999,0.25,0,SP,4493904.529987199,3256452.5579617387,0.315,0.03,0.9,preco_leilao conab,191,175,20,75,2,191,1e4
175,preco_leilao,1e6,14,conab,31,21.679999999999996,11.789642255999999,0.25,0,PR,4493904.529987199,3256452.5579617387,0.315,0.03,0.9,preco_leilao conab,192,175,20,75,2,192,1e4
175,preco_leilao,1e6,15,conab,31,21.679999999999996,11.789642255999999,0.01,1,SP,4493904.529987199,3256452.5579617387,0.315,0.03,0.9,preco_leilao conab,193,175,20,75,2,193,1e4
175,preco_leilao,1e6,15,conab,31,21.679999999999996,11.789642255999999,0.01,1,PR,4493904.529987199,3256452.5579617387,0.315,0.03,0.9,preco_leilao conab,194,175,20,75,2,194,1e4
175,preco_leilao,1e6,15,conab,31,21.679999999999996,11.789642255999999,0.01,0,SP,4493904.529987199,3256452.5579617387,0.315,0.03,0.9,preco_leilao conab,195,175,20,75,2,195,1e4
175,preco_leilao,1e6,15,conab,31,21.679999999999996,11.789642255999999,0.01,0,PR,4493904.529987199,3256452.5579617387,0.315,0.03,0.9,preco_leilao conab,196,175,20,75,2,196,1e4
175,preco_leilao,1e6,15,conab,31,21.679999999999996,11.789642255999999,0.025,1,SP,4493904.529987199,3256452.5579617387,0.315,0.03,0.9,preco_leilao conab,197,175,20,75,2,197,1e4
175,preco_leilao,1e6,15,conab,31,21.679999999999996,11.789642255999999,0.025,1,PR,4493904.529987199,3256452.5579617387,0.315,0.03,0.9,preco_leilao conab,198,175,20,75,2,198,1e4
175,preco_leilao,1e6,15,conab,31,21.679999999999996,11.789642255999999,0.025,0,SP,4493904.529987199,3256452.5579617387,0.315,0.03,0.9,preco_leilao conab,199,175,20,75,2,199,1e4
175,preco_leilao,1e6,15,conab,31,21.679999999999996,11.789642255999999,0.025,0,PR,4493904.529987199,3256452.5579617387,0.315,0.03,0.9,preco_leilao conab,200,175,20,75,2,200,1e4
175,preco_leilao,1e6,15,conab,31,21.679999999999996,11.789642255999999,0.05,1,SP,4493904.529987199,3256452.5579617387,0.315,0.03,0.9,preco_leilao conab,201,175,20,75,2,201,1e4
175,preco_leilao,1e6,15,conab,31,21.679999999999996,11.789642255999999,0.05,1,PR,4493904.529987199,3256452.5579617387,0.315,0.03,0.9,preco_leilao conab,202,175,20,75,2,202,1e4
175,preco_leilao,1e6,15,conab,31,21.679999999999996,11.789642255999999,0.05,0,SP,4493904.529987199,3256452.5579617387,0.315,0.03,0.9,preco_leilao conab,203,175,20,75,2,203,1e4
175,preco_leilao,1e6,15,conab,31,21.679999999999996,11.789642255999999,0.05,0,PR,4493904.529987199,3256452.5579617387,0.315,0.03,0.9,preco_leilao conab,204,175,20,75,2,204,1e4
175,preco_leilao,1e6,15,conab,31,21.679999999999996,11.789642255999999,0.075,1,SP,4493904.529987199,3256452.5579617387,0.315,0.03,0.9,preco_leilao conab,205,175,20,75,2,205,1e4
175,preco_leilao,1e6,15,conab,31,21.679999999999996,11.789642255999999,0.075,1,PR,4493904.529987199,3256452.5579617387,0.315,0.03,0.9,preco_leilao conab,206,175,20,75,2,206,1e4
175,preco_leilao,1e6,15,conab,31,21.679999999999996,11.789642255999999,0.075,0,SP,4493904.529987199,3256452.5579617387,0.315,0.03,0.9,preco_leilao conab,207,175,20,75,2,207,1e4
175,preco_leilao,1e6,15,conab,31,21.679999999999996,11.789642255999999,0.075,0,PR,4493904.529987199,3256452.5579617387,0.315,0.03,0.9,preco_leilao conab,208,175,20,75,2,208,1e4
175,preco_leilao,1e6,15,conab,31,21.679999999999996,11.789642255999999,0.1,1,SP,4493904.529987199,3256452.5579617387,0.315,0.03,0.9,preco_leilao conab,209,175,20,75,2,209,1e4
175,preco_leilao,1e6,15,conab,31,21.679999999999996,11.789642255999999,0.1,1,PR,4493904.529987199,3256452.5579617387,0.315,0.03,0.9,preco_leilao conab,210,175,20,75,2,210,1e4
175,preco_leilao,1e6,15,conab,31,21.679999999999996,11.789642255999999,0.1,0,SP,4493904.529987199,3256452.5579617387,0.315,0.03,0.9,preco_leilao conab,211,175,20,75,2,211,1e4
175,preco_leilao,1e6,15,conab,31,21.679999999999996,11.789642255999999,0.1,0,PR,4493904.529987199,3256452.5579617387,0.315,0.03,0.9,preco_leilao conab,212,175,20,75,2,212,1e4
175,preco_leilao,1e6,15,conab,31,21.679999999999996,11.789642255999999,0.25,1,SP,4493904.529987199,3256452.5579617387,0.315,0.03,0.9,preco_leilao conab,213,175,20,75,2,213,1e4
175,preco_leilao,1e6,15,conab,31,21.679999999999996,11.789642255999999,0.25,1,PR,4493904.529987199,3256452.5579617387,0.315,0.03,0.9,preco_leilao conab,214,175,20,75,2,214,1e4
175,preco_leilao,1e6,15,conab,31,21.679999999999996,11.789642255999999,0.25,0,SP,4493904.529987199,3256452.5579617387,0.315,0.03,0.9,preco_leilao conab,215,175,20,75,2,215,1e4
175,preco_leilao,1e6,15,conab,31,21.679999999999996,11.789642255999999,0.25,0,PR,4493904.529987199,3256452.5579617387,0.315,0.03,0.9,preco_leilao conab,216,175,20,75,2,216,1e4
376.668,preco_resolucao 482,5,15,conab,31,21.679999999999996,11.789642255999999,0.01,1,SP,4493904.529987199,3256452.5579617387,0.315,0.03,0.9,preco_resolucao 482 conab,217,376.668,20,75,2,217,1e4
376.668,preco_resolucao 482,5,15,conab,31,21.679999999999996,11.789642255999999,0.01,1,PR,4493904.529987199,3256452.5579617387,0.315,0.03,0.9,preco_resolucao 482 conab,218,450.576,20,75,2,218,1e4
376.668,preco_resolucao 482,5,15,conab,31,21.679999999999996,11.789642255999999,0.01,0,SP,4493904.529987199,3256452.5579617387,0.315,0.03,0.9,preco_resolucao 482 conab,219,376.668,20,75,2,219,1e4
376.668,preco_resolucao 482,5,15,conab,31,21.679999999999996,11.789642255999999,0.01,0,PR,4493904.529987199,3256452.5579617387,0.315,0.03,0.9,preco_resolucao 482 conab,220,450.576,20,75,2,220,1e4
376.668,preco_resolucao 482,5,15,conab,31,21.679999999999996,11.789642255999999,0.025,1,SP,4493904.529987199,3256452.5579617387,0.315,0.03,0.9,preco_resolucao 482 conab,221,376.668,20,75,2,221,1e4
376.668,preco_resolucao 482,5,15,conab,31,21.679999999999996,11.789642255999999,0.025,1,PR,4493904.529987199,3256452.5579617387,0.315,0.03,0.9,preco_resolucao 482 conab,222,450.576,20,75,2,222,1e4
376.668,preco_resolucao 482,5,15,conab,31,21.679999999999996,11.789642255999999,0.025,0,SP,4493904.529987199,3256452.5579617387,0.315,0.03,0.9,preco_resolucao 482 conab,223,376.668,20,75,2,223,1e4
376.668,preco_resolucao 482,5,15,conab,31,21.679999999999996,11.789642255999999,0.025,0,PR,4493904.529987199,3256452.5579617387,0.315,0.03,0.9,preco_resolucao 482 conab,224,450.576,20,75,2,224,1e4
376.668,preco_resolucao 482,5,15,conab,31,21.679999999999996,11.789642255999999,0.05,1,SP,4493904.529987199,3256452.5579617387,0.315,0.03,0.9,preco_resolucao 482 conab,225,376.668,20,75,2,225,1e4
376.668,preco_resolucao 482,5,15,conab,31,21.679999999999996,11.789642255999999,0.05,1,PR,4493904.529987199,3256452.5579617387,0.315,0.03,0.9,preco_resolucao 482 conab,226,450.576,20,75,2,226,1e4
376.668,preco_resolucao 482,5,15,conab,31,21.679999999999996,11.789642255999999,0.05,0,SP,4493904.529987199,3256452.5579617387,0.315,0.03,0.9,preco_resolucao 482 conab,227,376.668,20,75,2,227,1e4
376.668,preco_resolucao 482,5,15,conab,31,21.679999999999996,11.789642255999999,0.05,0,PR,4493904.529987199,3256452.5579617387,0.315,0.03,0.9,preco_resolucao 482 conab,228,450.576,20,75,2,228,1e4
376.668,preco_resolucao 482,5,15,conab,31,21.679999999999996,11.789642255999999,0.075,1,SP,4493904.529987199,3256452.5579617387,0.315,0.03,0.9,preco_resolucao 482 conab,229,376.668,20,75,2,229,1e4
376.668,preco_resolucao 482,5,15,conab,31,21.679999999999996,11.789642255999999,0.075,1,PR,4493904.529987199,3256452.5579617387,0.315,0.03,0.9,preco_resolucao 482 conab,230,450.576,20,75,2,230,1e4
376.668,preco_resolucao 482,5,15,conab,31,21.679999999999996,11.789642255999999,0.075,0,SP,4493904.529987199,3256452.5579617387,0.315,0.03,0.9,preco_resolucao 482 conab,231,376.668,20,75,2,231,1e4
376.668,preco_resolucao 482,5,15,conab,31,21.679999999999996,11.789642255999999,0.075,0,PR,4493904.529987199,3256452.5579617387,0.315,0.03,0.9,preco_resolucao 482 conab,232,450.576,20,75,2,232,1e4
376.668,preco_resolucao 482,5,15,conab,31,21.679999999999996,11.789642255999999,0.1,1,SP,4493904.529987199,3256452.5579617387,0.315,0.03,0.9,preco_resolucao 482 conab,233,376.668,20,75,2,233,1e4
376.668,preco_resolucao 482,5,15,conab,31,21.679999999999996,11.789642255999999,0.1,1,PR,4493904.529987199,3256452.5579617387,0.315,0.03,0.9,preco_resolucao 482 conab,234,450.576,20,75,2,234,1e4
376.668,preco_resolucao 482,5,15,conab,31,21.679999999999996,11.789642255999999,0.1,0,SP,4493904.529987199,3256452.5579617387,0.315,0.03,0.9,preco_resolucao 482 conab,235,376.668,20,75,2,235,1e4
376.668,preco_resolucao 482,5,15,conab,31,21.679999999999996,11.789642255999999,0.1,0,PR,4493904.529987199,3256452.5579617387,0.315,0.03,0.9,preco_resolucao 482 conab,236,450.576,20,75,2,236,1e4
376.668,preco_resolucao 482,5,15,conab,31,21.679999999999996,11.789642255999999,0.25,1,SP,4493904.529987199,3256452.5579617387,0.315,0.03,0.9,preco_resolucao 482 conab,237,376.668,20,75,2,237,1e4
376.668,preco_resolucao 482,5,15,conab,31,21.679999999999996,11.789642255999999,0.25,1,PR,4493904.529987199,3256452.5579617387,0.315,0.03,0.9,preco_resolucao 482 conab,238,450.576,20,75,2,238,1e4
376.668,preco_resolucao 482,5,15,conab,31,21.679999999999996,11.789642255999999,0.25,0,SP,4493904.529987199,3256452.5579617387,0.315,0.03,0.9,preco_resolucao 482 conab,239,376.668,20,75,2,239,1e4
376.668,preco_resolucao 482,5,15,conab,31,21.679999999999996,11.789642255999999,0.25,0,PR,4493904.529987199,3256452.5579617387,0.315,0.03,0.9,preco_resolucao 482 conab,240,450.576,20,75,2,240,1e4
376.668,preco_resolucao 482,5,17.5,conab,31,21.679999999999996,11.789642255999999,0.01,1,SP,4493904.529987199,3256452.5579617387,0.315,0.03,0.9,preco_resolucao 482 conab,241,376.668,20,75,2,241,1e4
376.668,preco_resolucao 482,5,17.5,conab,31,21.679999999999996,11.789642255999999,0.01,1,PR,4493904.529987199,3256452.5579617387,0.315,0.03,0.9,preco_resolucao 482 conab,242,450.576,20,75,2,242,1e4
376.668,preco_resolucao 482,5,17.5,conab,31,21.679999999999996,11.789642255999999,0.01,0,SP,4493904.529987199,3256452.5579617387,0.315,0.03,0.9,preco_resolucao 482 conab,243,376.668,20,75,2,243,1e4
376.668,preco_resolucao 482,5,17.5,conab,31,21.679999999999996,11.789642255999999,0.01,0,PR,4493904.529987199,3256452.5579617387,0.315,0.03,0.9,preco_resolucao 482 conab,244,450.576,20,75,2,244,1e4
376.668,preco_resolucao 482,5,17.5,conab,31,21.679999999999996,11.789642255999999,0.025,1,SP,4493904.529987199,3256452.5579617387,0.315,0.03,0.9,preco_resolucao 482 conab,245,376.668,20,75,2,245,1e4
376.668,preco_resolucao 482,5,17.5,conab,31,21.679999999999996,11.789642255999999,0.025,1,PR,4493904.529987199,3256452.5579617387,0.315,0.03,0.9,preco_resolucao 482 conab,246,450.576,20,75,2,246,1e4
376.668,preco_resolucao 482,5,17.5,conab,31,21.679999999999996,11.789642255999999,0.025,0,SP,4493904.529987199,3256452.5579617387,0.315,0.03,0.9,preco_resolucao 482 conab,247,376.668,20,75,2,247,1e4
376.668,preco_resolucao 482,5,17.5,conab,31,21.679999999999996,11.789642255999999,0.025,0,PR,4493904.529987199,3256452.5579617387,0.315,0.03,0.9,preco_resolucao 482 conab,248,450.576,20,75,2,248,1e4
376.668,preco_resolucao 482,5,17.5,conab,31,21.679999999999996,11.789642255999999,0.05,1,SP,4493904.529987199,3256452.5579617387,0.315,0.03,0.9,preco_resolucao 482 conab,249,376.668,20,75,2,249,1e4
376.668,preco_resolucao 482,5,17.5,conab,31,21.679999999999996,11.789642255999999,0.05,1,PR,4493904.529987199,3256452.5579617387,0.315,0.03,0.9,preco_resolucao 482 conab,250,450.576,20,75,2,250,1e4
376.668,preco_resolucao 482,5,17.5,conab,31,21.679999999999996,11.789642255999999,0.05,0,SP,4493904.529987199,3256452.5579617387,0.315,0.03,0.9,preco_resolucao 482 conab,251,376.668,20,75,2,251,1e4
376.668,preco_resolucao 482,5,17.5,conab,31,21.679999999999996,11.789642255999999,0.05,0,PR,4493904.529987199,3256452.5579617387,0.315,0.03,0.9,preco_resolucao 482 conab,252,450.576,20,75,2,252,1e4
376.668,preco_resolucao 482,5,17.5,conab,31,21.679999999999996,11.789642255999999,0.075,1,SP,4493904.529987199,3256452.5579617387,0.315,0.03,0.9,preco_resolucao 482 conab,253,376.668,20,75,2,253,1e4
376.668,preco_resolucao 482,5,17.5,conab,31,21.679999999999996,11.789642255999999,0.075,1,PR,4493904.529987199,3256452.5579617387,0.315,0.03,0.9,preco_resolucao 482 conab,254,450.576,20,75,2,254,1e4
376.668,preco_resolucao 482,5,17.5,conab,31,21.679999999999996,11.789642255999999,0.075,0,SP,4493904.529987199,3256452.5579617387,0.315,0.03,0.9,preco_resolucao 482 conab,255,376.668,20,75,2,255,1e4
376.668,preco_resolucao 482,5,17.5,conab,31,21.679999999999996,11.789642255999999,0.075,0,PR,4493904.529987199,3256452.5579617387,0.315,0.03,0.9,preco_resolucao 482 conab,256,450.576,20,75,2,256,1e4
376.668,preco_resolucao 482,5,17.5,conab,31,21.679999999999996,11.789642255999999,0.1,1,SP,4493904.529987199,3256452.5579617387,0.315,0.03,0.9,preco_resolucao 482 conab,257,376.668,20,75,2,257,1e4
376.668,preco_resolucao 482,5,17.5,conab,31,21.679999999999996,11.789642255999999,0.1,1,PR,4493904.529987199,3256452.5579617387,0.315,0.03,0.9,preco_resolucao 482 conab,258,450.576,20,75,2,258,1e4
376.668,preco_resolucao 482,5,17.5,conab,31,21.679999999999996,11.789642255999999,0.1,0,SP,4493904.529987199,3256452.5579617387,0.315,0.03,0.9,preco_resolucao 482 conab,259,376.668,20,75,2,259,1e4
376.668,preco_resolucao 482,5,17.5,conab,31,21.679999999999996,11.789642255999999,0.1,0,PR,4493904.529987199,3256452.5579617387,0.315,0.03,0.9,preco_resolucao 482 conab,260,450.576,20,75,2,260,1e4
376.668,preco_resolucao 482,5,17.5,conab,31,21.679999999999996,11.789642255999999,0.25,1,SP,4493904.529987199,3256452.5579617387,0.315,0.03,0.9,preco_resolucao 482 conab,261,376.668,20,75,2,261,1e4
376.668,preco_resolucao 482,5,17.5,conab,31,21.679999999999996,11.789642255999999,0.25,1,PR,4493904.529987199,3256452.5579617387,0.315,0.03,0.9,preco_resolucao 482 conab,262,450.576,20,75,2,262,1e4
376.668,preco_resolucao 482,5,17.5,conab,31,21.679999999999996,11.789642255999999,0.25,0,SP,4493904.529987199,3256452.5579617387,0.315,0.03,0.9,preco_resolucao 482 conab,263,376.668,20,75,2,263,1e4
376.668,preco_resolucao 482,5,17.5,conab,31,21.679999999999996,11.789642255999999,0.25,0,PR,4493904.529987199,3256452.5579617387,0.315,0.03,0.9,preco_resolucao 482 conab,264,450.576,20,75,2,264,1e4
376.668,preco_resolucao 482,5,20,conab,31,21.679999999999996,11.789642255999999,0.01,1,SP,4493904.529987199,3256452.5579617387,0.315,0.03,0.9,preco_resolucao 482 conab,265,376.668,20,75,2,265,1e4
376.668,preco_resolucao 482,5,20,conab,31,21.679999999999996,11.789642255999999,0.01,1,PR,4493904.529987199,3256452.5579617387,0.315,0.03,0.9,preco_resolucao 482 conab,266,450.576,20,75,2,266,1e4
376.668,preco_resolucao 482,5,20,conab,31,21.679999999999996,11.789642255999999,0.01,0,SP,4493904.529987199,3256452.5579617387,0.315,0.03,0.9,preco_resolucao 482 conab,267,376.668,20,75,2,267,1e4
376.668,preco_resolucao 482,5,20,conab,31,21.679999999999996,11.789642255999999,0.01,0,PR,4493904.529987199,3256452.5579617387,0.315,0.03,0.9,preco_resolucao 482 conab,268,450.576,20,75,2,268,1e4
376.668,preco_resolucao 482,5,20,conab,31,21.679999999999996,11.789642255999999,0.025,1,SP,4493904.529987199,3256452.5579617387,0.315,0.03,0.9,preco_resolucao 482 conab,269,376.668,20,75,2,269,1e4
376.668,preco_resolucao 482,5,20,conab,31,21.679999999999996,11.789642255999999,0.025,1,PR,4493904.529987199,3256452.5579617387,0.315,0.03,0.9,preco_resolucao 482 conab,270,450.576,20,75,2,270,1e4
376.668,preco_resolucao 482,5,20,conab,31,21.679999999999996,11.789642255999999,0.025,0,SP,4493904.529987199,3256452.5579617387,0.315,0.03,0.9,preco_resolucao 482 conab,271,376.668,20,75,2,271,1e4
376.668,preco_resolucao 482,5,20,conab,31,21.679999999999996,11.789642255999999,0.025,0,PR,4493904.529987199,3256452.5579617387,0.315,0.03,0.9,preco_resolucao 482 conab,272,450.576,20,75,2,272,1e4
376.668,preco_resolucao 482,5,20,conab,31,21.679999999999996,11.789642255999999,0.05,1,SP,4493904.529987199,3256452.5579617387,0.315,0.03,0.9,preco_resolucao 482 conab,273,376.668,20,75,2,273,1e4
376.668,preco_resolucao 482,5,20,conab,31,21.679999999999996,11.789642255999999,0.05,1,PR,4493904.529987199,3256452.5579617387,0.315,0.03,0.9,preco_resolucao 482 conab,274,450.576,20,75,2,274,1e4
376.668,preco_resolucao 482,5,20,conab,31,21.679999999999996,11.789642255999999,0.05,0,SP,4493904.529987199,3256452.5579617387,0.315,0.03,0.9,preco_resolucao 482 conab,275,376.668,20,75,2,275,1e4
376.668,preco_resolucao 482,5,20,conab,31,21.679999999999996,11.789642255999999,0.05,0,PR,4493904.529987199,3256452.5579617387,0.315,0.03,0.9,preco_resolucao 482 conab,276,450.576,20,75,2,276,1e4
376.668,preco_resolucao 482,5,20,conab,31,21.679999999999996,11.789642255999999,0.075,1,SP,4493904.529987199,3256452.5579617387,0.315,0.03,0.9,preco_resolucao 482 conab,277,376.668,20,75,2,277,1e4
376.668,preco_resolucao 482,5,20,conab,31,21.679999999999996,11.789642255999999,0.075,1,PR,4493904.529987199,3256452.5579617387,0.315,0.03,0.9,preco_resolucao 482 conab,278,450.576,20,75,2,278,1e4
376.668,preco_resolucao 482,5,20,conab,31,21.679999999999996,11.789642255999999,0.075,0,SP,4493904.529987199,3256452.5579617387,0.315,0.03,0.9,preco_resolucao 482 conab,279,376.668,20,75,2,279,1e4
376.668,preco_resolucao 482,5,20,conab,31,21.679999999999996,11.789642255999999,0.075,0,PR,4493904.529987199,3256452.5579617387,0.315,0.03,0.9,preco_resolucao 482 conab,280,450.576,20,75,2,280,1e4
376.668,preco_resolucao 482,5,20,conab,31,21.679999999999996,11.789642255999999,0.1,1,SP,4493904.529987199,3256452.5579617387,0.315,0.03,0.9,preco_resolucao 482 conab,281,376.668,20,75,2,281,1e4
376.668,preco_resolucao 482,5,20,conab,31,21.679999999999996,11.789642255999999,0.1,1,PR,4493904.529987199,3256452.5579617387,0.315,0.03,0.9,preco_resolucao 482 conab,282,450.576,20,75,2,282,1e4
376.668,preco_resolucao 482,5,20,conab,31,21.679999999999996,11.789642255999999,0.1,0,SP,4493904.529987199,3256452.5579617387,0.315,0.03,0.9,preco_resolucao 482 conab,283,376.668,20,75,2,283,1e4
376.668,preco_resolucao 482,5,20,conab,31,21.679999999999996,11.789642255999999,0.1,0,PR,4493904.529987199,3256452.5579617387,0.315,0.03,0.9,preco_resolucao 482 conab,284,450.576,20,75,2,284,1e4
376.668,preco_resolucao 482,5,20,conab,31,21.679999999999996,11.789642255999999,0.25,1,SP,4493904.529987199,3256452.5579617387,0.315,0.03,0.9,preco_resolucao 482 conab,285,376.668,20,75,2,285,1e4
376.668,preco_resolucao 482,5,20,conab,31,21.679999999999996,11.789642255999999,0.25,1,PR,4493904.529987199,3256452.5579617387,0.315,0.03,0.9,preco_resolucao 482 conab,286,450.576,20,75,2,286,1e4
376.668,preco_resolucao 482,5,20,conab,31,21.679999999999996,11.789642255999999,0.25,0,SP,4493904.529987199,3256452.5579617387,0.315,0.03,0.9,preco_resolucao 482 conab,287,376.668,20,75,2,287,1e4
376.668,preco_resolucao 482,5,20,conab,31,21.679999999999996,11.789642255999999,0.25,0,PR,4493904.529987199,3256452.5579617387,0.315,0.03,0.9,preco_resolucao 482 conab,288,450.576,20,75,2,288,1e4
376.668,preco_resolucao 482,5,22.5,conab,31,21.679999999999996,11.789642255999999,0.01,1,SP,4493904.529987199,3256452.5579617387,0.315,0.03,0.9,preco_resolucao 482 conab,289,376.668,20,75,2,289,1e4
376.668,preco_resolucao 482,5,22.5,conab,31,21.679999999999996,11.789642255999999,0.01,1,PR,4493904.529987199,3256452.5579617387,0.315,0.03,0.9,preco_resolucao 482 conab,290,450.576,20,75,2,290,1e4
376.668,preco_resolucao 482,5,22.5,conab,31,21.679999999999996,11.789642255999999,0.01,0,SP,4493904.529987199,3256452.5579617387,0.315,0.03,0.9,preco_resolucao 482 conab,291,376.668,20,75,2,291,1e4
376.668,preco_resolucao 482,5,22.5,conab,31,21.679999999999996,11.789642255999999,0.01,0,PR,4493904.529987199,3256452.5579617387,0.315,0.03,0.9,preco_resolucao 482 conab,292,450.576,20,75,2,292,1e4
376.668,preco_resolucao 482,5,22.5,conab,31,21.679999999999996,11.789642255999999,0.025,1,SP,4493904.529987199,3256452.5579617387,0.315,0.03,0.9,preco_resolucao 482 conab,293,376.668,20,75,2,293,1e4
376.668,preco_resolucao 482,5,22.5,conab,31,21.679999999999996,11.789642255999999,0.025,1,PR,4493904.529987199,3256452.5579617387,0.315,0.03,0.9,preco_resolucao 482 conab,294,450.576,20,75,2,294,1e4
376.668,preco_resolucao 482,5,22.5,conab,31,21.679999999999996,11.789642255999999,0.025,0,SP,4493904.529987199,3256452.5579617387,0.315,0.03,0.9,preco_resolucao 482 conab,295,376.668,20,75,2,295,1e4
376.668,preco_resolucao 482,5,22.5,conab,31,21.679999999999996,11.789642255999999,0.025,0,PR,4493904.529987199,3256452.5579617387,0.315,0.03,0.9,preco_resolucao 482 conab,296,450.576,20,75,2,296,1e4
376.668,preco_resolucao 482,5,22.5,conab,31,21.679999999999996,11.789642255999999,0.05,1,SP,4493904.529987199,3256452.5579617387,0.315,0.03,0.9,preco_resolucao 482 conab,297,376.668,20,75,2,297,1e4
376.668,preco_resolucao 482,5,22.5,conab,31,21.679999999999996,11.789642255999999,0.05,1,PR,4493904.529987199,3256452.5579617387,0.315,0.03,0.9,preco_resolucao 482 conab,298,450.576,20,75,2,298,1e4
376.668,preco_resolucao 482,5,22.5,conab,31,21.679999999999996,11.789642255999999,0.05,0,SP,4493904.529987199,3256452.5579617387,0.315,0.03,0.9,preco_resolucao 482 conab,299,376.668,20,75,2,299,1e4
376.668,preco_resolucao 482,5,22.5,conab,31,21.679999999999996,11.789642255999999,0.05,0,PR,4493904.529987199,3256452.5579617387,0.315,0.03,0.9,preco_resolucao 482 conab,300,450.576,20,75,2,300,1e4
376.668,preco_resolucao 482,5,22.5,conab,31,21.679999999999996,11.789642255999999,0.075,1,SP,4493904.529987199,3256452.5579617387,0.315,0.03,0.9,preco_resolucao 482 conab,301,376.668,20,75,2,301,1e4
376.668,preco_resolucao 482,5,22.5,conab,31,21.679999999999996,11.789642255999999,0.075,1,PR,4493904.529987199,3256452.5579617387,0.315,0.03,0.9,preco_resolucao 482 conab,302,450.576,20,75,2,302,1e4
376.668,preco_resolucao 482,5,22.5,conab,31,21.679999999999996,11.789642255999999,0.075,0,SP,4493904.529987199,3256452.5579617387,0.315,0.03,0.9,preco_resolucao 482 conab,303,376.668,20,75,2,303,1e4
376.668,preco_resolucao 482,5,22.5,conab,31,21.679999999999996,11.789642255999999,0.075,0,PR,4493904.529987199,3256452.5579617387,0.315,0.03,0.9,preco_resolucao 482 conab,304,450.576,20,75,2,304,1e4
376.668,preco_resolucao 482,5,22.5,conab,31,21.679999999999996,11.789642255999999,0.1,1,SP,4493904.529987199,3256452.5579617387,0.315,0.03,0.9,preco_resolucao 482 conab,305,376.668,20,75,2,305,1e4
376.668,preco_resolucao 482,5,22.5,conab,31,21.679999999999996,11.789642255999999,0.1,1,PR,4493904.529987199,3256452.5579617387,0.315,0.03,0.9,preco_resolucao 482 conab,306,450.576,20,75,2,306,1e4
376.668,preco_resolucao 482,5,22.5,conab,31,21.679999999999996,11.789642255999999,0.1,0,SP,4493904.529987199,3256452.5579617387,0.315,0.03,0.9,preco_resolucao 482 conab,307,376.668,20,75,2,307,1e4
376.668,preco_resolucao 482,5,22.5,conab,31,21.679999999999996,11.789642255999999,0.1,0,PR,4493904.529987199,3256452.5579617387,0.315,0.03,0.9,preco_resolucao 482 conab,308,450.576,20,75,2,308,1e4
376.668,preco_resolucao 482,5,22.5,conab,31,21.679999999999996,11.789642255999999,0.25,1,SP,4493904.529987199,3256452.5579617387,0.315,0.03,0.9,preco_resolucao 482 conab,309,376.668,20,75,2,309,1e4
376.668,preco_resolucao 482,5,22.5,conab,31,21.679999999999996,11.789642255999999,0.25,1,PR,4493904.529987199,3256452.5579617387,0.315,0.03,0.9,preco_resolucao 482 conab,310,450.576,20,75,2,310,1e4
376.668,preco_resolucao 482,5,22.5,conab,31,21.679999999999996,11.789642255999999,0.25,0,SP,4493904.529987199,3256452.5579617387,0.315,0.03,0.9,preco_resolucao 482 conab,311,376.668,20,75,2,311,1e4
376.668,preco_resolucao 482,5,22.5,conab,31,21.679999999999996,11.789642255999999,0.25,0,PR,4493904.529987199,3256452.5579617387,0.315,0.03,0.9,preco_resolucao 482 conab,312,450.576,20,75,2,312,1e4
376.668,preco_resolucao 482,5,25,conab,31,21.679999999999996,11.789642255999999,0.01,1,SP,4493904.529987199,3256452.5579617387,0.315,0.03,0.9,preco_resolucao 482 conab,313,376.668,20,75,2,313,1e4
376.668,preco_resolucao 482,5,25,conab,31,21.679999999999996,11.789642255999999,0.01,1,PR,4493904.529987199,3256452.5579617387,0.315,0.03,0.9,preco_resolucao 482 conab,314,450.576,20,75,2,314,1e4
376.668,preco_resolucao 482,5,25,conab,31,21.679999999999996,11.789642255999999,0.01,0,SP,4493904.529987199,3256452.5579617387,0.315,0.03,0.9,preco_resolucao 482 conab,315,376.668,20,75,2,315,1e4
376.668,preco_resolucao 482,5,25,conab,31,21.679999999999996,11.789642255999999,0.01,0,PR,4493904.529987199,3256452.5579617387,0.315,0.03,0.9,preco_resolucao 482 conab,316,450.576,20,75,2,316,1e4
376.668,preco_resolucao 482,5,25,conab,31,21.679999999999996,11.789642255999999,0.025,1,SP,4493904.529987199,3256452.5579617387,0.315,0.03,0.9,preco_resolucao 482 conab,317,376.668,20,75,2,317,1e4
376.668,preco_resolucao 482,5,25,conab,31,21.679999999999996,11.789642255999999,0.025,1,PR,4493904.529987199,3256452.5579617387,0.315,0.03,0.9,preco_resolucao 482 conab,318,450.576,20,75,2,318,1e4
376.668,preco_resolucao 482,5,25,conab,31,21.679999999999996,11.789642255999999,0.025,0,SP,4493904.529987199,3256452.5579617387,0.315,0.03,0.9,preco_resolucao 482 conab,319,376.668,20,75,2,319,1e4
376.668,preco_resolucao 482,5,25,conab,31,21.679999999999996,11.789642255999999,0.025,0,PR,4493904.529987199,3256452.5579617387,0.315,0.03,0.9,preco_resolucao 482 conab,320,450.576,20,75,2,320,1e4
376.668,preco_resolucao 482,5,25,conab,31,21.679999999999996,11.789642255999999,0.05,1,SP,4493904.529987199,3256452.5579617387,0.315,0.03,0.9,preco_resolucao 482 conab,321,376.668,20,75,2,321,1e4
376.668,preco_resolucao 482,5,25,conab,31,21.679999999999996,11.789642255999999,0.05,1,PR,4493904.529987199,3256452.5579617387,0.315,0.03,0.9,preco_resolucao 482 conab,322,450.576,20,75,2,322,1e4
376.668,preco_resolucao 482,5,25,conab,31,21.679999999999996,11.789642255999999,0.05,0,SP,4493904.529987199,3256452.5579617387,0.315,0.03,0.9,preco_resolucao 482 conab,323,376.668,20,75,2,323,1e4
376.668,preco_resolucao 482,5,25,conab,31,21.679999999999996,11.789642255999999,0.05,0,PR,4493904.529987199,3256452.5579617387,0.315,0.03,0.9,preco_resolucao 482 conab,324,450.576,20,75,2,324,1e4
376.668,preco_resolucao 482,5,25,conab,31,21.679999999999996,11.789642255999999,0.075,1,SP,4493904.529987199,3256452.5579617387,0.315,0.03,0.9,preco_resolucao 482 conab,325,376.668,20,75,2,325,1e4
376.668,preco_resolucao 482,5,25,conab,31,21.679999999999996,11.789642255999999,0.075,1,PR,4493904.529987199,3256452.5579617387,0.315,0.03,0.9,preco_resolucao 482 conab,326,450.576,20,75,2,326,1e4
376.668,preco_resolucao 482,5,25,conab,31,21.679999999999996,11.789642255999999,0.075,0,SP,4493904.529987199,3256452.5579617387,0.315,0.03,0.9,preco_resolucao 482 conab,327,376.668,20,75,2,327,1e4
376.668,preco_resolucao 482,5,25,conab,31,21.679999999999996,11.789642255999999,0.075,0,PR,4493904.529987199,3256452.5579617387,0.315,0.03,0.9,preco_resolucao 482 conab,328,450.576,20,75,2,328,1e4
376.668,preco_resolucao 482,5,25,conab,31,21.679999999999996,11.789642255999999,0.1,1,SP,4493904.529987199,3256452.5579617387,0.315,0.03,0.9,preco_resolucao 482 conab,329,376.668,20,75,2,329,1e4
376.668,preco_resolucao 482,5,25,conab,31,21.679999999999996,11.789642255999999,0.1,1,PR,4493904.529987199,3256452.5579617387,0.315,0.03,0.9,preco_resolucao 482 conab,330,450.576,20,75,2,330,1e4
376.668,preco_resolucao 482,5,25,conab,31,21.679999999999996,11.789642255999999,0.1,0,SP,4493904.529987199,3256452.5579617387,0.315,0.03,0.9,preco_resolucao 482 conab,331,376.668,20,75,2,331,1e4
376.668,preco_resolucao 482,5,25,conab,31,21.679999999999996,11.789642255999999,0.1,0,PR,4493904.529987199,3256452.5579617387,0.315,0.03,0.9,preco_resolucao 482 conab,332,450.576,20,75,2,332,1e4
376.668,preco_resolucao 482,5,25,conab,31,21.679999999999996,11.789642255999999,0.25,1,SP,4493904.529987199,3256452.5579617387,0.315,0.03,0.9,preco_resolucao 482 conab,333,376.668,20,75,2,333,1e4
376.668,preco_resolucao 482,5,25,conab,31,21.679999999999996,11.789642255999999,0.25,1,PR,4493904.529987199,3256452.5579617387,0.315,0.03,0.9,preco_resolucao 482 conab,334,450.576,20,75,2,334,1e4
376.668,preco_resolucao 482,5,25,conab,31,21.679999999999996,11.789642255999999,0.25,0,SP,4493904.529987199,3256452.5579617387,0.315,0.03,0.9,preco_resolucao 482 conab,335,376.668,20,75,2,335,1e4
376.668,preco_resolucao 482,5,25,conab,31,21.679999999999996,11.789642255999999,0.25,0,PR,4493904.529987199,3256452.5579617387,0.315,0.03,0.9,preco_resolucao 482 conab,336,450.576,20,75,2,336,1e4
376.668,preco_resolucao 482,5,27.5,conab,31,21.679999999999996,11.789642255999999,0.01,1,SP,4493904.529987199,3256452.5579617387,0.315,0.03,0.9,preco_resolucao 482 conab,337,376.668,20,75,2,337,1e4
376.668,preco_resolucao 482,5,27.5,conab,31,21.679999999999996,11.789642255999999,0.01,1,PR,4493904.529987199,3256452.5579617387,0.315,0.03,0.9,preco_resolucao 482 conab,338,450.576,20,75,2,338,1e4
376.668,preco_resolucao 482,5,27.5,conab,31,21.679999999999996,11.789642255999999,0.01,0,SP,4493904.529987199,3256452.5579617387,0.315,0.03,0.9,preco_resolucao 482 conab,339,376.668,20,75,2,339,1e4
376.668,preco_resolucao 482,5,27.5,conab,31,21.679999999999996,11.789642255999999,0.01,0,PR,4493904.529987199,3256452.5579617387,0.315,0.03,0.9,preco_resolucao 482 conab,340,450.576,20,75,2,340,1e4
376.668,preco_resolucao 482,5,27.5,conab,31,21.679999999999996,11.789642255999999,0.025,1,SP,4493904.529987199,3256452.5579617387,0.315,0.03,0.9,preco_resolucao 482 conab,341,376.668,20,75,2,341,1e4
376.668,preco_resolucao 482,5,27.5,conab,31,21.679999999999996,11.789642255999999,0.025,1,PR,4493904.529987199,3256452.5579617387,0.315,0.03,0.9,preco_resolucao 482 conab,342,450.576,20,75,2,342,1e4
376.668,preco_resolucao 482,5,27.5,conab,31,21.679999999999996,11.789642255999999,0.025,0,SP,4493904.529987199,3256452.5579617387,0.315,0.03,0.9,preco_resolucao 482 conab,343,376.668,20,75,2,343,1e4
376.668,preco_resolucao 482,5,27.5,conab,31,21.679999999999996,11.789642255999999,0.025,0,PR,4493904.529987199,3256452.5579617387,0.315,0.03,0.9,preco_resolucao 482 conab,344,450.576,20,75,2,344,1e4
376.668,preco_resolucao 482,5,27.5,conab,31,21.679999999999996,11.789642255999999,0.05,1,SP,4493904.529987199,3256452.5579617387,0.315,0.03,0.9,preco_resolucao 482 conab,345,376.668,20,75,2,345,1e4
376.668,preco_resolucao 482,5,27.5,conab,31,21.679999999999996,11.789642255999999,0.05,1,PR,4493904.529987199,3256452.5579617387,0.315,0.03,0.9,preco_resolucao 482 conab,346,450.576,20,75,2,346,1e4
376.668,preco_resolucao 482,5,27.5,conab,31,21.679999999999996,11.789642255999999,0.05,0,SP,4493904.529987199,3256452.5579617387,0.315,0.03,0.9,preco_resolucao 482 conab,347,376.668,20,75,2,347,1e4
376.668,preco_resolucao 482,5,27.5,conab,31,21.679999999999996,11.789642255999999,0.05,0,PR,4493904.529987199,3256452.5579617387,0.315,0.03,0.9,preco_resolucao 482 conab,348,450.576,20,75,2,348,1e4
376.668,preco_resolucao 482,5,27.5,conab,31,21.679999999999996,11.789642255999999,0.075,1,SP,4493904.529987199,3256452.5579617387,0.315,0.03,0.9,preco_resolucao 482 conab,349,376.668,20,75,2,349,1e4
376.668,preco_resolucao 482,5,27.5,conab,31,21.679999999999996,11.789642255999999,0.075,1,PR,4493904.529987199,3256452.5579617387,0.315,0.03,0.9,preco_resolucao 482 conab,350,450.576,20,75,2,350,1e4
376.668,preco_resolucao 482,5,27.5,conab,31,21.679999999999996,11.789642255999999,0.075,0,SP,4493904.529987199,3256452.5579617387,0.315,0.03,0.9,preco_resolucao 482 conab,351,376.668,20,75,2,351,1e4
376.668,preco_resolucao 482,5,27.5,conab,31,21.679999999999996,11.789642255999999,0.075,0,PR,4493904.529987199,3256452.5579617387,0.315,0.03,0.9,preco_resolucao 482 conab,352,450.576,20,75,2,352,1e4
376.668,preco_resolucao 482,5,27.5,conab,31,21.679999999999996,11.789642255999999,0.1,1,SP,4493904.529987199,3256452.5579617387,0.315,0.03,0.9,preco_resolucao 482 conab,353,376.668,20,75,2,353,1e4
376.668,preco_resolucao 482,5,27.5,conab,31,21.679999999999996,11.789642255999999,0.1,1,PR,4493904.529987199,3256452.5579617387,0.315,0.03,0.9,preco_resolucao 482 conab,354,450.576,20,75,2,354,1e4
376.668,preco_resolucao 482,5,27.5,conab,31,21.679999999999996,11.789642255999999,0.1,0,SP,4493904.529987199,3256452.5579617387,0.315,0.03,0.9,preco_resolucao 482 conab,355,376.668,20,75,2,355,1e4
376.668,preco_resolucao 482,5,27.5,conab,31,21.679999999999996,11.789642255999999,0.1,0,PR,4493904.529987199,3256452.5579617387,0.315,0.03,0.9,preco_resolucao 482 conab,356,450.576,20,75,2,356,1e4
376.668,preco_resolucao 482,5,27.5,conab,31,21.679999999999996,11.789642255999999,0.25,1,SP,4493904.529987199,3256452.5579617387,0.315,0.03,0.9,preco_resolucao 482 conab,357,376.668,20,75,2,357,1e4
376.668,preco_resolucao 482,5,27.5,conab,31,21.679999999999996,11.789642255999999,0.25,1,PR,4493904.529987199,3256452.5579617387,0.315,0.03,0.9,preco_resolucao 482 conab,358,450.576,20,75,2,358,1e4
376.668,preco_resolucao 482,5,27.5,conab,31,21.679999999999996,11.789642255999999,0.25,0,SP,4493904.529987199,3256452.5579617387,0.315,0.03,0.9,preco_resolucao 482 conab,359,376.668,20,75,2,359,1e4
376.668,preco_resolucao 482,5,27.5,conab,31,21.679999999999996,11.789642255999999,0.25,0,PR,4493904.529987199,3256452.5579617387,0.315,0.03,0.9,preco_resolucao 482 conab,360,450.576,20,75,2,360,1e4
376.668,preco_resolucao 482,5,30,conab,31,21.679999999999996,11.789642255999999,0.01,1,SP,4493904.529987199,3256452.5579617387,0.315,0.03,0.9,preco_resolucao 482 conab,361,376.668,20,75,2,361,1e4
376.668,preco_resolucao 482,5,30,conab,31,21.679999999999996,11.789642255999999,0.01,1,PR,4493904.529987199,3256452.5579617387,0.315,0.03,0.9,preco_resolucao 482 conab,362,450.576,20,75,2,362,1e4
376.668,preco_resolucao 482,5,30,conab,31,21.679999999999996,11.789642255999999,0.01,0,SP,4493904.529987199,3256452.5579617387,0.315,0.03,0.9,preco_resolucao 482 conab,363,376.668,20,75,2,363,1e4
376.668,preco_resolucao 482,5,30,conab,31,21.679999999999996,11.789642255999999,0.01,0,PR,4493904.529987199,3256452.5579617387,0.315,0.03,0.9,preco_resolucao 482 conab,364,450.576,20,75,2,364,1e4
376.668,preco_resolucao 482,5,30,conab,31,21.679999999999996,11.789642255999999,0.025,1,SP,4493904.529987199,3256452.5579617387,0.315,0.03,0.9,preco_resolucao 482 conab,365,376.668,20,75,2,365,1e4
376.668,preco_resolucao 482,5,30,conab,31,21.679999999999996,11.789642255999999,0.025,1,PR,4493904.529987199,3256452.5579617387,0.315,0.03,0.9,preco_resolucao 482 conab,366,450.576,20,75,2,366,1e4
376.668,preco_resolucao 482,5,30,conab,31,21.679999999999996,11.789642255999999,0.025,0,SP,4493904.529987199,3256452.5579617387,0.315,0.03,0.9,preco_resolucao 482 conab,367,376.668,20,75,2,367,1e4
376.668,preco_resolucao 482,5,30,conab,31,21.679999999999996,11.789642255999999,0.025,0,PR,4493904.529987199,3256452.5579617387,0.315,0.03,0.9,preco_resolucao 482 conab,368,450.576,20,75,2,368,1e4
376.668,preco_resolucao 482,5,30,conab,31,21.679999999999996,11.789642255999999,0.05,1,SP,4493904.529987199,3256452.5579617387,0.315,0.03,0.9,preco_resolucao 482 conab,369,376.668,20,75,2,369,1e4
376.668,preco_resolucao 482,5,30,conab,31,21.679999999999996,11.789642255999999,0.05,1,PR,4493904.529987199,3256452.5579617387,0.315,0.03,0.9,preco_resolucao 482 conab,370,450.576,20,75,2,370,1e4
376.668,preco_resolucao 482,5,30,conab,31,21.679999999999996,11.789642255999999,0.05,0,SP,4493904.529987199,3256452.5579617387,0.315,0.03,0.9,preco_resolucao 482 conab,371,376.668,20,75,2,371,1e4
376.668,preco_resolucao 482,5,30,conab,31,21.679999999999996,11.789642255999999,0.05,0,PR,4493904.529987199,3256452.5579617387,0.315,0.03,0.9,preco_resolucao 482 conab,372,450.576,20,75,2,372,1e4
376.668,preco_resolucao 482,5,30,conab,31,21.679999999999996,11.789642255999999,0.075,1,SP,4493904.529987199,3256452.5579617387,0.315,0.03,0.9,preco_resolucao 482 conab,373,376.668,20,75,2,373,1e4
376.668,preco_resolucao 482,5,30,conab,31,21.679999999999996,11.789642255999999,0.075,1,PR,4493904.529987199,3256452.5579617387,0.315,0.03,0.9,preco_resolucao 482 conab,374,450.576,20,75,2,374,1e4
376.668,preco_resolucao 482,5,30,conab,31,21.679999999999996,11.789642255999999,0.075,0,SP,4493904.529987199,3256452.5579617387,0.315,0.03,0.9,preco_resolucao 482 conab,375,376.668,20,75,2,375,1e4
376.668,preco_resolucao 482,5,30,conab,31,21.679999999999996,11.789642255999999,0.075,0,PR,4493904.529987199,3256452.5579617387,0.315,0.03,0.9,preco_resolucao 482 conab,376,450.576,20,75,2,376,1e4
376.668,preco_resolucao 482,5,30,conab,31,21.679999999999996,11.789642255999999,0.1,1,SP,4493904.529987199,3256452.5579617387,0.315,0.03,0.9,preco_resolucao 482 conab,377,376.668,20,75,2,377,1e4
376.668,preco_resolucao 482,5,30,conab,31,21.679999999999996,11.789642255999999,0.1,1,PR,4493904.529987199,3256452.5579617387,0.315,0.03,0.9,preco_resolucao 482 conab,378,450.576,20,75,2,378,1e4
376.668,preco_resolucao 482,5,30,conab,31,21.679999999999996,11.789642255999999,0.1,0,SP,4493904.529987199,3256452.5579617387,0.315,0.03,0.9,preco_resolucao 482 conab,379,376.668,20,75,2,379,1e4
376.668,preco_resolucao 482,5,30,conab,31,21.679999999999996,11.789642255999999,0.1,0,PR,4493904.529987199,3256452.5579617387,0.315,0.03,0.9,preco_resolucao 482 conab,380,450.576,20,75,2,380,1e4
376.668,preco_resolucao 482,5,30,conab,31,21.679999999999996,11.789642255999999,0.25,1,SP,4493904.529987199,3256452.5579617387,0.315,0.03,0.9,preco_resolucao 482 conab,381,376.668,20,75,2,381,1e4
376.668,preco_resolucao 482,5,30,conab,31,21.679999999999996,11.789642255999999,0.25,1,PR,4493904.529987199,3256452.5579617387,0.315,0.03,0.9,preco_resolucao 482 conab,382,450.576,20,75,2,382,1e4
376.668,preco_resolucao 482,5,30,conab,31,21.679999999999996,11.789642255999999,0.25,0,SP,4493904.529987199,3256452.5579617387,0.315,0.03,0.9,preco_resolucao 482 conab,383,376.668,20,75,2,383,1e4
376.668,preco_resolucao 482,5,30,conab,31,21.679999999999996,11.789642255999999,0.25,0,PR,4493904.529987199,3256452.5579617387,0.315,0.03,0.9,preco_resolucao 482 conab,384,450.576,20,75,2,384,1e4
376.668,preco_resolucao 482,5,32.5,conab,31,21.679999999999996,11.789642255999999,0.01,1,SP,4493904.529987199,3256452.5579617387,0.315,0.03,0.9,preco_resolucao 482 conab,385,376.668,20,75,2,385,1e4
376.668,preco_resolucao 482,5,32.5,conab,31,21.679999999999996,11.789642255999999,0.01,1,PR,4493904.529987199,3256452.5579617387,0.315,0.03,0.9,preco_resolucao 482 conab,386,450.576,20,75,2,386,1e4
376.668,preco_resolucao 482,5,32.5,conab,31,21.679999999999996,11.789642255999999,0.01,0,SP,4493904.529987199,3256452.5579617387,0.315,0.03,0.9,preco_resolucao 482 conab,387,376.668,20,75,2,387,1e4
376.668,preco_resolucao 482,5,32.5,conab,31,21.679999999999996,11.789642255999999,0.01,0,PR,4493904.529987199,3256452.5579617387,0.315,0.03,0.9,preco_resolucao 482 conab,388,450.576,20,75,2,388,1e4
376.668,preco_resolucao 482,5,32.5,conab,31,21.679999999999996,11.789642255999999,0.025,1,SP,4493904.529987199,3256452.5579617387,0.315,0.03,0.9,preco_resolucao 482 conab,389,376.668,20,75,2,389,1e4
376.668,preco_resolucao 482,5,32.5,conab,31,21.679999999999996,11.789642255999999,0.025,1,PR,4493904.529987199,3256452.5579617387,0.315,0.03,0.9,preco_resolucao 482 conab,390,450.576,20,75,2,390,1e4
376.668,preco_resolucao 482,5,32.5,conab,31,21.679999999999996,11.789642255999999,0.025,0,SP,4493904.529987199,3256452.5579617387,0.315,0.03,0.9,preco_resolucao 482 conab,391,376.668,20,75,2,391,1e4
376.668,preco_resolucao 482,5,32.5,conab,31,21.679999999999996,11.789642255999999,0.025,0,PR,4493904.529987199,3256452.5579617387,0.315,0.03,0.9,preco_resolucao 482 conab,392,450.576,20,75,2,392,1e4
376.668,preco_resolucao 482,5,32.5,conab,31,21.679999999999996,11.789642255999999,0.05,1,SP,4493904.529987199,3256452.5579617387,0.315,0.03,0.9,preco_resolucao 482 conab,393,376.668,20,75,2,393,1e4
376.668,preco_resolucao 482,5,32.5,conab,31,21.679999999999996,11.789642255999999,0.05,1,PR,4493904.529987199,3256452.5579617387,0.315,0.03,0.9,preco_resolucao 482 conab,394,450.576,20,75,2,394,1e4
376.668,preco_resolucao 482,5,32.5,conab,31,21.679999999999996,11.789642255999999,0.05,0,SP,4493904.529987199,3256452.5579617387,0.315,0.03,0.9,preco_resolucao 482 conab,395,376.668,20,75,2,395,1e4
376.668,preco_resolucao 482,5,32.5,conab,31,21.679999999999996,11.789642255999999,0.05,0,PR,4493904.529987199,3256452.5579617387,0.315,0.03,0.9,preco_resolucao 482 conab,396,450.576,20,75,2,396,1e4
376.668,preco_resolucao 482,5,32.5,conab,31,21.679999999999996,11.789642255999999,0.075,1,SP,4493904.529987199,3256452.5579617387,0.315,0.03,0.9,preco_resolucao 482 conab,397,376.668,20,75,2,397,1e4
376.668,preco_resolucao 482,5,32.5,conab,31,21.679999999999996,11.789642255999999,0.075,1,PR,4493904.529987199,3256452.5579617387,0.315,0.03,0.9,preco_resolucao 482 conab,398,450.576,20,75,2,398,1e4
376.668,preco_resolucao 482,5,32.5,conab,31,21.679999999999996,11.789642255999999,0.075,0,SP,4493904.529987199,3256452.5579617387,0.315,0.03,0.9,preco_resolucao 482 conab,399,376.668,20,75,2,399,1e4
376.668,preco_resolucao 482,5,32.5,conab,31,21.679999999999996,11.789642255999999,0.075,0,PR,4493904.529987199,3256452.5579617387,0.315,0.03,0.9,preco_resolucao 482 conab,400,450.576,20,75,2,400,1e4
376.668,preco_resolucao 482,5,32.5,conab,31,21.679999999999996,11.789642255999999,0.1,1,SP,4493904.529987199,3256452.5579617387,0.315,0.03,0.9,preco_resolucao 482 conab,401,376.668,20,75,2,401,1e4
376.668,preco_resolucao 482,5,32.5,conab,31,21.679999999999996,11.789642255999999,0.1,1,PR,4493904.529987199,3256452.5579617387,0.315,0.03,0.9,preco_resolucao 482 conab,402,450.576,20,75,2,402,1e4
376.668,preco_resolucao 482,5,32.5,conab,31,21.679999999999996,11.789642255999999,0.1,0,SP,4493904.529987199,3256452.5579617387,0.315,0.03,0.9,preco_resolucao 482 conab,403,376.668,20,75,2,403,1e4
376.668,preco_resolucao 482,5,32.5,conab,31,21.679999999999996,11.789642255999999,0.1,0,PR,4493904.529987199,3256452.5579617387,0.315,0.03,0.9,preco_resolucao 482 conab,404,450.576,20,75,2,404,1e4
376.668,preco_resolucao 482,5,32.5,conab,31,21.679999999999996,11.789642255999999,0.25,1,SP,4493904.529987199,3256452.5579617387,0.315,0.03,0.9,preco_resolucao 482 conab,405,376.668,20,75,2,405,1e4
376.668,preco_resolucao 482,5,32.5,conab,31,21.679999999999996,11.789642255999999,0.25,1,PR,4493904.529987199,3256452.5579617387,0.315,0.03,0.9,preco_resolucao 482 conab,406,450.576,20,75,2,406,1e4
376.668,preco_resolucao 482,5,32.5,conab,31,21.679999999999996,11.789642255999999,0.25,0,SP,4493904.529987199,3256452.5579617387,0.315,0.03,0.9,preco_resolucao 482 conab,407,376.668,20,75,2,407,1e4
376.668,preco_resolucao 482,5,32.5,conab,31,21.679999999999996,11.789642255999999,0.25,0,PR,4493904.529987199,3256452.5579617387,0.315,0.03,0.9,preco_resolucao 482 conab,408,450.576,20,75,2,408,1e4
376.668,preco_resolucao 482,5,35,conab,31,21.679999999999996,11.789642255999999,0.01,1,SP,4493904.529987199,3256452.5579617387,0.315,0.03,0.9,preco_resolucao 482 conab,409,376.668,20,75,2,409,1e4
376.668,preco_resolucao 482,5,35,conab,31,21.679999999999996,11.789642255999999,0.01,1,PR,4493904.529987199,3256452.5579617387,0.315,0.03,0.9,preco_resolucao 482 conab,410,450.576,20,75,2,410,1e4
376.668,preco_resolucao 482,5,35,conab,31,21.679999999999996,11.789642255999999,0.01,0,SP,4493904.529987199,3256452.5579617387,0.315,0.03,0.9,preco_resolucao 482 conab,411,376.668,20,75,2,411,1e4
376.668,preco_resolucao 482,5,35,conab,31,21.679999999999996,11.789642255999999,0.01,0,PR,4493904.529987199,3256452.5579617387,0.315,0.03,0.9,preco_resolucao 482 conab,412,450.576,20,75,2,412,1e4
376.668,preco_resolucao 482,5,35,conab,31,21.679999999999996,11.789642255999999,0.025,1,SP,4493904.529987199,3256452.5579617387,0.315,0.03,0.9,preco_resolucao 482 conab,413,376.668,20,75,2,413,1e4
376.668,preco_resolucao 482,5,35,conab,31,21.679999999999996,11.789642255999999,0.025,1,PR,4493904.529987199,3256452.5579617387,0.315,0.03,0.9,preco_resolucao 482 conab,414,450.576,20,75,2,414,1e4
376.668,preco_resolucao 482,5,35,conab,31,21.679999999999996,11.789642255999999,0.025,0,SP,4493904.529987199,3256452.5579617387,0.315,0.03,0.9,preco_resolucao 482 conab,415,376.668,20,75,2,415,1e4
376.668,preco_resolucao 482,5,35,conab,31,21.679999999999996,11.789642255999999,0.025,0,PR,4493904.529987199,3256452.5579617387,0.315,0.03,0.9,preco_resolucao 482 conab,416,450.576,20,75,2,416,1e4
376.668,preco_resolucao 482,5,35,conab,31,21.679999999999996,11.789642255999999,0.05,1,SP,4493904.529987199,3256452.5579617387,0.315,0.03,0.9,preco_resolucao 482 conab,417,376.668,20,75,2,417,1e4
376.668,preco_resolucao 482,5,35,conab,31,21.679999999999996,11.789642255999999,0.05,1,PR,4493904.529987199,3256452.5579617387,0.315,0.03,0.9,preco_resolucao 482 conab,418,450.576,20,75,2,418,1e4
376.668,preco_resolucao 482,5,35,conab,31,21.679999999999996,11.789642255999999,0.05,0,SP,4493904.529987199,3256452.5579617387,0.315,0.03,0.9,preco_resolucao 482 conab,419,376.668,20,75,2,419,1e4
376.668,preco_resolucao 482,5,35,conab,31,21.679999999999996,11.789642255999999,0.05,0,PR,4493904.529987199,3256452.5579617387,0.315,0.03,0.9,preco_resolucao 482 conab,420,450.576,20,75,2,420,1e4
376.668,preco_resolucao 482,5,35,conab,31,21.679999999999996,11.789642255999999,0.075,1,SP,4493904.529987199,3256452.5579617387,0.315,0.03,0.9,preco_resolucao 482 conab,421,376.668,20,75,2,421,1e4
376.668,preco_resolucao 482,5,35,conab,31,21.679999999999996,11.789642255999999,0.075,1,PR,4493904.529987199,3256452.5579617387,0.315,0.03,0.9,preco_resolucao 482 conab,422,450.576,20,75,2,422,1e4
376.668,preco_resolucao 482,5,35,conab,31,21.679999999999996,11.789642255999999,0.075,0,SP,4493904.529987199,3256452.5579617387,0.315,0.03,0.9,preco_resolucao 482 conab,423,376.668,20,75,2,423,1e4
376.668,preco_resolucao 482,5,35,conab,31,21.679999999999996,11.789642255999999,0.075,0,PR,4493904.529987199,3256452.5579617387,0.315,0.03,0.9,preco_resolucao 482 conab,424,450.576,20,75,2,424,1e4
376.668,preco_resolucao 482,5,35,conab,31,21.679999999999996,11.789642255999999,0.1,1,SP,4493904.529987199,3256452.5579617387,0.315,0.03,0.9,preco_resolucao 482 conab,425,376.668,20,75,2,425,1e4
376.668,preco_resolucao 482,5,35,conab,31,21.679999999999996,11.789642255999999,0.1,1,PR,4493904.529987199,3256452.5579617387,0.315,0.03,0.9,preco_resolucao 482 conab,426,450.576,20,75,2,426,1e4
376.668,preco_resolucao 482,5,35,conab,31,21.679999999999996,11.789642255999999,0.1,0,SP,4493904.529987199,3256452.5579617387,0.315,0.03,0.9,preco_resolucao 482 conab,427,376.668,20,75,2,427,1e4
376.668,preco_resolucao 482,5,35,conab,31,21.679999999999996,11.789642255999999,0.1,0,PR,4493904.529987199,3256452.5579617387,0.315,0.03,0.9,preco_resolucao 482 conab,428,450.576,20,75,2,428,1e4
376.668,preco_resolucao 482,5,35,conab,31,21.679999999999996,11.789642255999999,0.25,1,SP,4493904.529987199,3256452.5579617387,0.315,0.03,0.9,preco_resolucao 482 conab,429,376.668,20,75,2,429,1e4
376.668,preco_resolucao 482,5,35,conab,31,21.679999999999996,11.789642255999999,0.25,1,PR,4493904.529987199,3256452.5579617387,0.315,0.03,0.9,preco_resolucao 482 conab,430,450.576,20,75,2,430,1e4
376.668,preco_resolucao 482,5,35,conab,31,21.679999999999996,11.789642255999999,0.25,0,SP,4493904.529987199,3256452.5579617387,0.315,0.03,0.9,preco_resolucao 482 conab,431,376.668,20,75,2,431,1e4
376.668,preco_resolucao 482,5,35,conab,31,21.679999999999996,11.789642255999999,0.25,0,PR,4493904.529987199,3256452.5579617387,0.315,0.03,0.9,preco_resolucao 482 conab,432,450.576,20,75,2,432,1e4
